"model","mu","est.mean","est.var","est.bias","mse.part","mse.sum.part","mae.part","est.esss","abserr.part","cov.part","hpd.part","num_iterations","numsources","diff1","diff2","k","outcome_type","truep","diff1_c","diff2_c"
"MEM",0.5,0.500488669245897,0.00392087710735897,0.000488669245896967,0.00392111590499086,0.0039171950278835,0.0476753695669251,24.1499905899973,0.000488669245896967,NA,NA,1000,2,0,NA,0.9,"binary",0.5,"Mean Difference SS1 = 0","Mean Difference SS2 = NA"
"relaxedMEM_allornothing",0.5,0.500566660617441,0.00353960702655214,0.000566660617440817,0.00353992813080749,0.00353638852378094,0.0429614360509758,32,0.000566660617440817,NA,NA,1000,2,0,NA,0.9,"binary",0.5,"Mean Difference SS1 = 0","Mean Difference SS2 = NA"
"relaxedMEM_max",0.5,0.500516320197705,0.00386073844058641,0.000516320197704978,0.00386100502713297,0.00385714428869239,0.0471109249349163,24.8660433745771,0.000516320197704978,NA,NA,1000,2,0,NA,0.9,"binary",0.5,"Mean Difference SS1 = 0","Mean Difference SS2 = NA"
"relaxedMEM_sqrtmax",0.5,0.500539784320271,0.00370304369342592,0.000539784320271131,0.00370333506053833,0.0036996320168449,0.0451768108319665,28.1912447439467,0.000539784320271131,NA,NA,1000,2,0,NA,0.9,"binary",0.5,"Mean Difference SS1 = 0","Mean Difference SS2 = NA"
"relaxedMEM_stretch1",0.5,0.500530382869662,0.00360485142323707,0.000530382869662005,0.0036051327292255,0.00360152787780227,0.0437019812639307,31.0605465411966,0.000530382869662005,NA,NA,1000,2,0,NA,0.9,"binary",0.5,"Mean Difference SS1 = 0","Mean Difference SS2 = NA"
"relaxedMEM_stretchsqrt",0.5,0.50052360633799,0.00373487187983245,0.000523606337989979,0.00373514604342963,0.0037314111715498,0.0455050567539962,27.7778920336772,0.000523606337989979,NA,NA,1000,2,0,NA,0.9,"binary",0.5,"Mean Difference SS1 = 0","Mean Difference SS2 = NA"
"relaxedMEM_twosource",0.5,0.500488669245897,0.00392087710735897,0.000488669245896967,0.00392111590499086,0.0039171950278835,0.0476753695669251,24.1499905899973,0.000488669245896967,NA,NA,1000,2,0,NA,0.9,"binary",0.5,"Mean Difference SS1 = 0","Mean Difference SS2 = NA"
"MEM",0.5,0.510052084673202,0.00401968122431604,0.0100520846732015,0.00412072563059326,0.00411670594936894,0.0501204427247406,24.140641642541,0.0100520846732015,NA,NA,1000,2,0.0333333333333333,NA,0.9,"binary",0.5,"Mean Difference SS1 = 0.03","Mean Difference SS2 = NA"
"relaxedMEM_allornothing",0.5,0.511460268038427,0.00369765670432096,0.0114602680384275,0.00382899444783356,0.00382529679112924,0.0465937595872247,32,0.0114602680384275,NA,NA,1000,2,0.0333333333333333,NA,0.9,"binary",0.5,"Mean Difference SS1 = 0.03","Mean Difference SS2 = NA"
"relaxedMEM_max",0.5,0.510239993284431,0.00396605146462839,0.0102399932844314,0.00407090892709359,0.00406694287562896,0.0495706173367752,24.8779414240196,0.0102399932844314,NA,NA,1000,2,0.0333333333333333,NA,0.9,"binary",0.5,"Mean Difference SS1 = 0.03","Mean Difference SS2 = NA"
"relaxedMEM_sqrtmax",0.5,0.510808853311196,0.003833246636538,0.0108088533111961,0.00395007794644096,0.00394624469980442,0.0481828844728946,28.1980579952138,0.0108088533111961,NA,NA,1000,2,0.0333333333333333,NA,0.9,"binary",0.5,"Mean Difference SS1 = 0.03","Mean Difference SS2 = NA"
"relaxedMEM_stretch1",0.5,0.511213862200052,0.00375443591331952,0.0112138622000517,0.00388018661876126,0.00387643218284795,0.0473147493534476,31.0331737880432,0.0112138622000517,NA,NA,1000,2,0.0333333333333333,NA,0.9,"binary",0.5,"Mean Difference SS1 = 0.03","Mean Difference SS2 = NA"
"relaxedMEM_stretchsqrt",0.5,0.510699534201155,0.00386130158351888,0.0106995342011554,0.00397578161564058,0.00397192031405706,0.0485028469648648,27.7724513633498,0.0106995342011554,NA,NA,1000,2,0.0333333333333333,NA,0.9,"binary",0.5,"Mean Difference SS1 = 0.03","Mean Difference SS2 = NA"
"relaxedMEM_twosource",0.5,0.510052084673202,0.00401968122431604,0.0100520846732015,0.00412072563059326,0.00411670594936894,0.0501204427247406,24.140641642541,0.0100520846732015,NA,NA,1000,2,0.0333333333333333,NA,0.9,"binary",0.5,"Mean Difference SS1 = 0.03","Mean Difference SS2 = NA"
"MEM",0.5,0.517524189187683,0.0104272254357668,0.0175241891876831,0.0107343226424525,0.0107238954170167,0.0838150639670669,4.30114608845838,0.0175241891876831,NA,NA,1000,2,0.333333333333333,NA,0.9,"binary",0.5,"Mean Difference SS1 = 0.33","Mean Difference SS2 = NA"
"relaxedMEM_allornothing",0.5,0.517571448218752,0.0104525862552816,0.0175714482187518,0.0107613420477858,0.0107508894615305,0.0838623229981356,4.30114608845838,0.0175714482187518,NA,NA,1000,2,0.333333333333333,NA,0.9,"binary",0.5,"Mean Difference SS1 = 0.33","Mean Difference SS2 = NA"
"relaxedMEM_max",0.5,0.517533200942494,0.010431992793971,0.0175332009424936,0.0107394059292609,0.0107289739364669,0.0838240757218774,4.30114608845838,0.0175332009424936,NA,NA,1000,2,0.333333333333333,NA,0.9,"binary",0.5,"Mean Difference SS1 = 0.33","Mean Difference SS2 = NA"
"relaxedMEM_sqrtmax",0.5,0.517551319800649,0.0104416758727257,0.0175513198006487,0.0107497246994703,0.0107392830235976,0.0838421945800324,4.30114608845838,0.0175513198006487,NA,NA,1000,2,0.333333333333333,NA,0.9,"binary",0.5,"Mean Difference SS1 = 0.33","Mean Difference SS2 = NA"
"relaxedMEM_stretch1",0.5,0.517560326625524,0.0104465379669762,0.0175603266255242,0.0107549030381713,0.0107444565002043,0.083851201404908,4.30114608845838,0.0175603266255242,NA,NA,1000,2,0.333333333333333,NA,0.9,"binary",0.5,"Mean Difference SS1 = 0.33","Mean Difference SS2 = NA"
"relaxedMEM_stretchsqrt",0.5,0.517546243173315,0.0104389496328565,0.0175462431733151,0.0107468202823536,0.0107363813327207,0.0838371179526989,4.30114608845838,0.0175462431733151,NA,NA,1000,2,0.333333333333333,NA,0.9,"binary",0.5,"Mean Difference SS1 = 0.33","Mean Difference SS2 = NA"
"relaxedMEM_twosource",0.5,0.517524189187683,0.0104272254357668,0.0175241891876831,0.0107343226424525,0.0107238954170167,0.0838150639670669,4.30114608845838,0.0175241891876831,NA,NA,1000,2,0.333333333333333,NA,0.9,"binary",0.5,"Mean Difference SS1 = 0.33","Mean Difference SS2 = NA"
"MEM",0.5,0.500356140982231,0.00194661254211876,0.000356140982230913,0.00194673937851798,0.00194479276597586,0.0331258552205566,48.1570263936459,0.000356140982230913,NA,NA,1000,3,0,0,0.9,"binary",0.5,"Mean Difference SS1 = 0","Mean Difference SS2 = 0"
"relaxedMEM_allornothing",0.5,0.500441776336602,0.00157433039050907,0.000441776336602251,0.00157452555684065,0.00157295122645014,0.0278275623577064,62,0.000441776336602251,NA,NA,1000,3,0,0,0.9,"binary",0.5,"Mean Difference SS1 = 0","Mean Difference SS2 = 0"
"relaxedMEM_max",0.5,0.500379722629494,0.00187338908114226,0.000379722629494039,0.00187353327041761,0.00187165988133647,0.0323687654688135,48.8440932495753,0.000379722629494039,NA,NA,1000,3,0,0,0.9,"binary",0.5,"Mean Difference SS1 = 0","Mean Difference SS2 = 0"
"relaxedMEM_sqrtmax",0.5,0.500406979860228,0.00173356949115624,0.000406979860227863,0.00173373512376287,0.00173200155427171,0.0303740317651065,54.6228549468253,0.000406979860227863,NA,NA,1000,3,0,0,0.9,"binary",0.5,"Mean Difference SS1 = 0","Mean Difference SS2 = 0"
"relaxedMEM_stretch1",0.5,0.500420499298877,0.00162714430037276,0.000420499298877441,0.00162732112003311,0.00162569397573274,0.0285115737470598,61.1746756933798,0.000420499298877441,NA,NA,1000,3,0,0,0.9,"binary",0.5,"Mean Difference SS1 = 0","Mean Difference SS2 = 0"
"relaxedMEM_stretchsqrt",0.5,0.500392579639689,0.00177394522846779,0.000392579639689306,0.00177409934724128,0.00177232540201282,0.0308366659747518,54.1963542948645,0.000392579639689306,NA,NA,1000,3,0,0,0.9,"binary",0.5,"Mean Difference SS1 = 0","Mean Difference SS2 = 0"
"relaxedMEM_twosource",0.5,0.500356140982231,0.00194661254211876,0.000356140982230913,0.00194673937851798,0.00194479276597586,0.0331258552205566,48.1570263936459,0.000356140982230913,NA,NA,1000,3,0,0,0.9,"binary",0.5,"Mean Difference SS1 = 0","Mean Difference SS2 = 0"
"MEM",0.5,0.508653941767152,0.00199594886467391,0.00865394176715173,0.00207083957278316,0.00206884362391849,0.0349166837784389,48.2346015207796,0.00865394176715173,NA,NA,1000,3,0,0.0333333333333333,0.9,"binary",0.5,"Mean Difference SS1 = 0","Mean Difference SS2 = 0.03"
"relaxedMEM_allornothing",0.5,0.509058061498219,0.0018659261111562,0.00905806149821853,0.00194797458926171,0.00194610866315056,0.0316801499012114,62,0.00905806149821853,NA,NA,1000,3,0,0.0333333333333333,0.9,"binary",0.5,"Mean Difference SS1 = 0","Mean Difference SS2 = 0.03"
"relaxedMEM_max",0.5,0.508970933779484,0.0018786799390773,0.00897093377948355,0.00195915759195318,0.0019572789120141,0.033754182528733,48.6331157751236,0.00897093377948355,NA,NA,1000,3,0,0.0333333333333333,0.9,"binary",0.5,"Mean Difference SS1 = 0","Mean Difference SS2 = 0.03"
"relaxedMEM_sqrtmax",0.5,0.509092155974495,0.00182914659401587,0.00909215597449475,0.00191181389428041,0.00190998474768639,0.0326206594704674,54.4886563960681,0.00909215597449475,NA,NA,1000,3,0,0.0333333333333333,0.9,"binary",0.5,"Mean Difference SS1 = 0","Mean Difference SS2 = 0.03"
"relaxedMEM_stretch1",0.5,0.509347385642195,0.00174642573716593,0.00934738564219495,0.00183379935550984,0.00183205292977268,0.0311211959016431,61.5118282336489,0.00934738564219495,NA,NA,1000,3,0,0.0333333333333333,0.9,"binary",0.5,"Mean Difference SS1 = 0","Mean Difference SS2 = 0.03"
"relaxedMEM_stretchsqrt",0.5,0.508873728251356,0.0019095056213792,0.00887372825135646,0.00198824867445813,0.00198633916883675,0.0333953157908846,54.2404647772312,0.00887372825135646,NA,NA,1000,3,0,0.0333333333333333,0.9,"binary",0.5,"Mean Difference SS1 = 0","Mean Difference SS2 = 0.03"
"relaxedMEM_twosource",0.5,0.50760964074374,0.00245750370530536,0.0076096407437396,0.00251541033755414,0.00251295283384884,0.0377359711622029,48.2346015207796,0.0076096407437396,NA,NA,1000,3,0,0.0333333333333333,0.9,"binary",0.5,"Mean Difference SS1 = 0","Mean Difference SS2 = 0.03"
"MEM",0.5,0.511198734804959,0.00549465081057993,0.0111987348049586,0.00562006247181172,0.00561456782100114,0.056817668616723,25.8400766532382,0.0111987348049586,NA,NA,1000,3,0,0.333333333333333,0.9,"binary",0.5,"Mean Difference SS1 = 0","Mean Difference SS2 = 0.33"
"relaxedMEM_allornothing",0.5,0.509481288437952,0.00551453179640078,0.00948128843795226,0.00560442662684442,0.00559891209504802,0.0517711182952987,32,0.00948128843795226,NA,NA,1000,3,0,0.333333333333333,0.9,"binary",0.5,"Mean Difference SS1 = 0","Mean Difference SS2 = 0.33"
"relaxedMEM_max",0.5,0.510857207984129,0.00541939973912775,0.0108572079841289,0.00553727870433839,0.00553185930459926,0.0544121373522275,25.6181182063418,0.0108572079841289,NA,NA,1000,3,0,0.333333333333333,0.9,"binary",0.5,"Mean Difference SS1 = 0","Mean Difference SS2 = 0.33"
"relaxedMEM_sqrtmax",0.5,0.510023724162794,0.00540143085620511,0.0100237241627943,0.00550190590229689,0.00549650447144069,0.0529944256406276,28.565296119654,0.0100237241627943,NA,NA,1000,3,0,0.333333333333333,0.9,"binary",0.5,"Mean Difference SS1 = 0","Mean Difference SS2 = 0.33"
"relaxedMEM_stretch1",0.5,0.509952526776788,0.00554443155283424,0.00995252677678782,0.00564348434207692,0.00563793991052408,0.0530567195463324,31.078768313933,0.00995252677678782,NA,NA,1000,3,0,0.333333333333333,0.9,"binary",0.5,"Mean Difference SS1 = 0","Mean Difference SS2 = 0.33"
"relaxedMEM_stretchsqrt",0.5,0.510070652965894,0.00538654471670249,0.0100706529658944,0.00548796276786196,0.00548257622314526,0.05416627293891,28.3974843077352,0.0100706529658944,NA,NA,1000,3,0,0.333333333333333,0.9,"binary",0.5,"Mean Difference SS1 = 0","Mean Difference SS2 = 0.33"
"relaxedMEM_twosource",0.5,0.506905001416048,0.00543878598885103,0.006905001416048,0.00548646503340665,0.0054810262474178,0.0539867561608877,24.691975024502,0.006905001416048,NA,NA,1000,3,0,0.333333333333333,0.9,"binary",0.5,"Mean Difference SS1 = 0","Mean Difference SS2 = 0.33"
"MEM",0.5,0.500367388960026,0.00210788171027685,0.00036738896002575,0.0021080166849248,0.00210590880321453,0.03455411591097,47.2014954591553,0.00036738896002575,NA,NA,1000,3,0.0333333333333333,-0.0333333333333333,0.9,"binary",0.5,"Mean Difference SS1 = 0.03","Mean Difference SS2 = -0.03"
"relaxedMEM_allornothing",0.5,0.500263928942018,0.00236033652086913,0.000263928942017766,0.00236040617935556,0.00235804584283469,0.0334928763901848,62,0.000263928942017766,NA,NA,1000,3,0.0333333333333333,-0.0333333333333333,0.9,"binary",0.5,"Mean Difference SS1 = 0.03","Mean Difference SS2 = -0.03"
"relaxedMEM_max",0.5,0.500474274502063,0.00190789005668379,0.000474274502063499,0.0019081149929871,0.00190620710293041,0.0326949168169843,47.9682661050607,0.000474274502063499,NA,NA,1000,3,0.0333333333333333,-0.0333333333333333,0.9,"binary",0.5,"Mean Difference SS1 = 0.03","Mean Difference SS2 = -0.03"
"relaxedMEM_sqrtmax",0.5,0.500414265874634,0.00199717458192179,0.00041426587463389,0.00199734619813667,0.00199534902355475,0.0325099393970375,54.061804765488,0.00041426587463389,NA,NA,1000,3,0.0333333333333333,-0.0333333333333333,0.9,"binary",0.5,"Mean Difference SS1 = 0.03","Mean Difference SS2 = -0.03"
"relaxedMEM_stretch1",0.5,0.500415562996231,0.00189186517843437,0.000415562996231356,0.0018920378710382,0.00189014600585977,0.0306787450811198,61.0082134893676,0.000415562996231356,NA,NA,1000,3,0.0333333333333333,-0.0333333333333333,0.9,"binary",0.5,"Mean Difference SS1 = 0.03","Mean Difference SS2 = -0.03"
"relaxedMEM_stretchsqrt",0.5,0.500338037189498,0.00214680826819238,0.000338037189497875,0.00214692253733386,0.00214477572906567,0.033784797179134,53.5752084886355,0.000338037189497875,NA,NA,1000,3,0.0333333333333333,-0.0333333333333333,0.9,"binary",0.5,"Mean Difference SS1 = 0.03","Mean Difference SS2 = -0.03"
"relaxedMEM_twosource",0.5,0.500009115510813,0.0031307638114847,9.11551081317352e-06,0.00313076389457724,0.00312763313076575,0.0405205623026316,47.2014954591553,9.11551081317352e-06,NA,NA,1000,3,0.0333333333333333,-0.0333333333333333,0.9,"binary",0.5,"Mean Difference SS1 = 0.03","Mean Difference SS2 = -0.03"
"MEM",0.5,0.517030803122821,0.00201774606383637,0.0170308031228213,0.00230779431884467,0.00230577657278083,0.0375759450069076,48.1586118686685,0.0170308031228213,NA,NA,1000,3,0.0333333333333333,0.0333333333333333,0.9,"binary",0.5,"Mean Difference SS1 = 0.03","Mean Difference SS2 = 0.03"
"relaxedMEM_allornothing",0.5,0.518969272142,0.00170636038876051,0.0189692721419996,0.00206619367435775,0.00206448731396899,0.0349148944441982,62,0.0189692721419996,NA,NA,1000,3,0.0333333333333333,0.0333333333333333,0.9,"binary",0.5,"Mean Difference SS1 = 0.03","Mean Difference SS2 = 0.03"
"relaxedMEM_max",0.5,0.517361243464397,0.00195504949552461,0.0173612434643974,0.00225646227015469,0.00225450722065917,0.0369507799761514,48.8670375648201,0.0173612434643974,NA,NA,1000,3,0.0333333333333333,0.0333333333333333,0.9,"binary",0.5,"Mean Difference SS1 = 0.03","Mean Difference SS2 = 0.03"
"relaxedMEM_sqrtmax",0.5,0.518067763070376,0.00183801906282489,0.0180677630703764,0.00216446312519215,0.00216262510612932,0.0360562728918631,54.6372676448434,0.0180677630703764,NA,NA,1000,3,0.0333333333333333,0.0333333333333333,0.9,"binary",0.5,"Mean Difference SS1 = 0.03","Mean Difference SS2 = 0.03"
"relaxedMEM_stretch1",0.5,0.518669070886468,0.00175060766176075,0.0186690708864682,0.00209914186952473,0.00209739126186297,0.0354812594616832,61.148942245294,0.0186690708864682,NA,NA,1000,3,0.0333333333333333,0.0333333333333333,0.9,"binary",0.5,"Mean Difference SS1 = 0.03","Mean Difference SS2 = 0.03"
"relaxedMEM_stretchsqrt",0.5,0.517865576054479,0.00187225064037216,0.0178655760544792,0.00219142944813055,0.00218955719749017,0.0364389493357203,54.1975828737239,0.0178655760544792,NA,NA,1000,3,0.0333333333333333,0.0333333333333333,0.9,"binary",0.5,"Mean Difference SS1 = 0.03","Mean Difference SS2 = 0.03"
"relaxedMEM_twosource",0.5,0.517030803122821,0.00201774606383637,0.0170308031228213,0.00230779431884467,0.00230577657278083,0.0375759450069076,48.1586118686685,0.0170308031228213,NA,NA,1000,3,0.0333333333333333,0.0333333333333333,0.9,"binary",0.5,"Mean Difference SS1 = 0.03","Mean Difference SS2 = 0.03"
"MEM",0.5,0.500339639759263,0.0135941550117058,0.0003396397592631,0.0135942703668719,0.0135806762118602,0.0947377211066998,9.0935161250388,0.0003396397592631,NA,NA,1000,3,0.333333333333333,-0.333333333333333,0.9,"binary",0.5,"Mean Difference SS1 = 0.33","Mean Difference SS2 = -0.33"
"relaxedMEM_allornothing",0.5,0.500375537342303,0.0136278035635766,0.000375537342303334,0.013627944591872,0.0136143167883085,0.0947963741727499,9.0935161250388,0.000375537342303334,NA,NA,1000,3,0.333333333333333,-0.333333333333333,0.9,"binary",0.5,"Mean Difference SS1 = 0.33","Mean Difference SS2 = -0.33"
"relaxedMEM_max",0.5,0.500346851596706,0.0136002676023109,0.000346851596705888,0.0136003879083411,0.0135867876407388,0.0947485643981516,9.0935161250388,0.000346851596705888,NA,NA,1000,3,0.333333333333333,-0.333333333333333,0.9,"binary",0.5,"Mean Difference SS1 = 0.33","Mean Difference SS2 = -0.33"
"relaxedMEM_sqrtmax",0.5,0.500360440875834,0.0136132238686821,0.000360440875834089,0.0136133537863071,0.0135997405624384,0.0947712132907826,9.0935161250388,0.000360440875834089,NA,NA,1000,3,0.333333333333333,-0.333333333333333,0.9,"binary",0.5,"Mean Difference SS1 = 0.33","Mean Difference SS2 = -0.33"
"relaxedMEM_stretch1",0.5,0.500366648301045,0.0136200710892399,0.000366648301045158,0.0136202055202166,0.0136065854491273,0.094783009305261,9.0935161250388,0.000366648301045158,NA,NA,1000,3,0.333333333333333,-0.333333333333333,0.9,"binary",0.5,"Mean Difference SS1 = 0.33","Mean Difference SS2 = -0.33"
"relaxedMEM_stretchsqrt",0.5,0.500356378450971,0.0136097317949626,0.000356378450970585,0.0136098588005629,0.0135962490687679,0.0947651054703293,9.0935161250388,0.000356378450970585,NA,NA,1000,3,0.333333333333333,-0.333333333333333,0.9,"binary",0.5,"Mean Difference SS1 = 0.33","Mean Difference SS2 = -0.33"
"relaxedMEM_twosource",0.5,0.500339652625228,0.0135941661055282,0.000339652625227505,0.0135942814694341,0.0135806873033285,0.0947377408276882,9.0935161250388,0.000339652625227505,NA,NA,1000,3,0.333333333333333,-0.333333333333333,0.9,"binary",0.5,"Mean Difference SS1 = 0.33","Mean Difference SS2 = -0.33"
"MEM",0.5,0.502055211520241,0.00590600941861114,0.00205521152024057,0.00591023331300407,0.00590432730358546,0.0585929468689701,25.0165882690108,0.00205521152024057,NA,NA,1000,3,0.333333333333333,-0.0333333333333333,0.9,"binary",0.5,"Mean Difference SS1 = 0.33","Mean Difference SS2 = -0.03"
"relaxedMEM_allornothing",0.5,0.502347665983343,0.00617525108475122,0.00234766598334268,0.00618076262032057,0.00617458736923582,0.0605984642831429,32,0.00234766598334268,NA,NA,1000,3,0.333333333333333,-0.0333333333333333,0.9,"binary",0.5,"Mean Difference SS1 = 0.33","Mean Difference SS2 = -0.03"
"relaxedMEM_max",0.5,0.50237498890416,0.00600262301656968,0.00237498890415977,0.00600826358886456,0.00600226096584799,0.0592780180137278,25.2064924405358,0.00237498890415977,NA,NA,1000,3,0.333333333333333,-0.0333333333333333,0.9,"binary",0.5,"Mean Difference SS1 = 0.33","Mean Difference SS2 = -0.03"
"relaxedMEM_sqrtmax",0.5,0.502190027679717,0.00603364362420234,0.00219002767971688,0.00603843984544027,0.00603240620181606,0.0597186573506903,28.3598677913855,0.00219002767971688,NA,NA,1000,3,0.333333333333333,-0.0333333333333333,0.9,"binary",0.5,"Mean Difference SS1 = 0.33","Mean Difference SS2 = -0.03"
"relaxedMEM_stretch1",0.5,0.502341836041046,0.00615566796357109,0.00234183604104632,0.00616115215961423,0.00615499649165066,0.0604854354586781,30.9551845272366,0.00234183604104632,NA,NA,1000,3,0.333333333333333,-0.0333333333333333,0.9,"binary",0.5,"Mean Difference SS1 = 0.33","Mean Difference SS2 = -0.03"
"relaxedMEM_stretchsqrt",0.5,0.501888419622531,0.00594766789900616,0.0018884196225305,0.00595123402767692,0.00594528635977791,0.0592159723261394,27.8640725968663,0.0018884196225305,NA,NA,1000,3,0.333333333333333,-0.0333333333333333,0.9,"binary",0.5,"Mean Difference SS1 = 0.33","Mean Difference SS2 = -0.03"
"relaxedMEM_twosource",0.5,0.500832242655307,0.00599672729737675,0.000832242655307014,0.00599741992521406,0.00599142319791668,0.0599082817191146,24.7143315096164,0.000832242655307014,NA,NA,1000,3,0.333333333333333,-0.0333333333333333,0.9,"binary",0.5,"Mean Difference SS1 = 0.33","Mean Difference SS2 = -0.03"
"MEM",0.5,0.543002122613647,0.0141447721619931,0.0430021226136466,0.0159939547112722,0.0159798099391102,0.103951777847491,10.2175221082554,0.0430021226136466,NA,NA,1000,3,0.333333333333333,0.333333333333333,0.9,"binary",0.5,"Mean Difference SS1 = 0.33","Mean Difference SS2 = 0.33"
"relaxedMEM_allornothing",0.5,0.543428250076955,0.0143446391846463,0.0434282500769551,0.0162306520893928,0.0162163074502082,0.104377905310799,10.2175221082554,0.0434282500769551,NA,NA,1000,3,0.333333333333333,0.333333333333333,0.9,"binary",0.5,"Mean Difference SS1 = 0.33","Mean Difference SS2 = 0.33"
"relaxedMEM_max",0.5,0.543155517210959,0.0142147712657709,0.043155517210959,0.0160771699315163,0.0160629551602505,0.104105172444803,10.2175221082554,0.043155517210959,NA,NA,1000,3,0.333333333333333,0.333333333333333,0.9,"binary",0.5,"Mean Difference SS1 = 0.33","Mean Difference SS2 = 0.33"
"relaxedMEM_sqrtmax",0.5,0.543279084148983,0.0142729940263134,0.0432790841489832,0.0161460731510882,0.0161318001570619,0.104228739382827,10.2175221082554,0.0432790841489832,NA,NA,1000,3,0.333333333333333,0.333333333333333,0.9,"binary",0.5,"Mean Difference SS1 = 0.33","Mean Difference SS2 = 0.33"
"relaxedMEM_stretch1",0.5,0.543288351444129,0.0142780725135094,0.0432883514441286,0.0161519538842598,0.0161376758117463,0.104238006677973,10.2175221082554,0.0432883514441286,NA,NA,1000,3,0.333333333333333,0.333333333333333,0.9,"binary",0.5,"Mean Difference SS1 = 0.33","Mean Difference SS2 = 0.33"
"relaxedMEM_stretchsqrt",0.5,0.543187534491527,0.014230214004,0.043187534491527,0.0160953771394568,0.0160811469254528,0.104137189725371,10.2175221082554,0.043187534491527,NA,NA,1000,3,0.333333333333333,0.333333333333333,0.9,"binary",0.5,"Mean Difference SS1 = 0.33","Mean Difference SS2 = 0.33"
"relaxedMEM_twosource",0.5,0.543002122613647,0.0141447721619931,0.0430021226136466,0.0159939547112722,0.0159798099391102,0.103951777847491,10.2175221082554,0.0430021226136466,NA,NA,1000,3,0.333333333333333,0.333333333333333,0.9,"binary",0.5,"Mean Difference SS1 = 0.33","Mean Difference SS2 = 0.33"
"MEM",1,0.993468438144432,0.0218395989926388,-0.00653156185556814,0.0218822602929119,0.0218604206939193,0.111237146996447,17.4211273918703,0.00653156185556814,0.972,0.63644442828207,1000,2,0,NA,0.9,"continuous",NA,"Mean Difference SS1 = 0","Mean Difference SS2 = NA"
"relaxedMEM_allornothing",1,0.993245020035437,0.0201863453666034,-0.00675497996456287,0.0202319751209251,0.0202117887755585,0.099500808141925,30,0.00675497996456287,0.968,0.561875193135939,1000,2,0,NA,0.9,"continuous",NA,"Mean Difference SS1 = 0","Mean Difference SS2 = NA"
"relaxedMEM_max",1,0.993459434301529,0.0216876918833812,-0.00654056569847095,0.0217304708830372,0.0217087831911539,0.110479990876115,18.2126291209041,0.00654056569847095,0.971,0.633877422175888,1000,2,0,NA,0.9,"continuous",NA,"Mean Difference SS1 = 0","Mean Difference SS2 = NA"
"relaxedMEM_sqrtmax",1,0.993365534476209,0.0209696440522473,-0.00663446552379121,0.0210136601850337,0.0209926905409814,0.105671806422296,23.3747486323837,0.00663446552379121,0.971,0.604586901600204,1000,2,0,NA,0.9,"continuous",NA,"Mean Difference SS1 = 0","Mean Difference SS2 = NA"
"relaxedMEM_stretch1",1,0.993259851243237,0.0203694700548984,-0.00674014875676254,0.0204148996601617,0.0203945301901068,0.100748002243291,28.6962315153193,0.00674014875676254,0.971,0.567956324697463,1000,2,0,NA,0.9,"continuous",NA,"Mean Difference SS1 = 0","Mean Difference SS2 = NA"
"relaxedMEM_stretchsqrt",1,0.993371506889074,0.0210562975092833,-0.00662849311092617,0.0211002344302049,0.0210791781326956,0.106165651383824,22.8611858377802,0.00662849311092617,0.97,0.606638259620465,1000,2,0,NA,0.9,"continuous",NA,"Mean Difference SS1 = 0","Mean Difference SS2 = NA"
"relaxedMEM_twosource",1,0.993468438144432,0.0218395989926388,-0.00653156185556814,0.0218822602929119,0.0218604206939193,0.111237146996447,17.4211273918703,0.00653156185556814,0.972,0.636752217840868,1000,2,0,NA,0.9,"continuous",NA,"Mean Difference SS1 = 0","Mean Difference SS2 = NA"
"MEM",1,1.01407878509585,0.0234920726369102,0.0140787850958479,0.0236902848266853,0.0236667927540484,0.118081970592587,17.1190245559181,0.0140787850958479,0.966,0.644300498801153,1000,2,0.1,NA,0.9,"continuous",NA,"Mean Difference SS1 = 0.1","Mean Difference SS2 = NA"
"relaxedMEM_allornothing",1,1.01792140531346,0.0226129561183381,0.0179214053134591,0.0229341328867474,0.022911519930629,0.119512057777944,30,0.0179214053134591,0.967,0.577675798147941,1000,2,0.1,NA,0.9,"continuous",NA,"Mean Difference SS1 = 0.1","Mean Difference SS2 = NA"
"relaxedMEM_max",1,1.01435086048217,0.0233969654911198,0.0143508604821683,0.0236029126876985,0.0235795157222074,0.11778766561604,18.2126291209797,0.0143508604821683,0.963,0.641944406977365,1000,2,0.1,NA,0.9,"continuous",NA,"Mean Difference SS1 = 0.1","Mean Difference SS2 = NA"
"relaxedMEM_sqrtmax",1,1.01591453225676,0.0230008438138473,0.015914532256756,0.0232541161507986,0.0232311153069848,0.117872696247966,23.3747486324322,0.015914532256756,0.966,0.615893836998479,1000,2,0.1,NA,0.9,"continuous",NA,"Mean Difference SS1 = 0.1","Mean Difference SS2 = NA"
"relaxedMEM_stretch1",1,1.01747324038706,0.0227100542204529,0.0174732403870561,0.0230153683500768,0.0229926582958563,0.11906440438093,28.1986051144007,0.0174732403870561,0.967,0.583399976502433,1000,2,0.1,NA,0.9,"continuous",NA,"Mean Difference SS1 = 0.1","Mean Difference SS2 = NA"
"relaxedMEM_stretchsqrt",1,1.01573700463805,0.0230518289491531,0.0157370046380521,0.0232994822641312,0.023276430435182,0.117917067448922,22.6620990965083,0.0157370046380521,0.966,0.617798188488822,1000,2,0.1,NA,0.9,"continuous",NA,"Mean Difference SS1 = 0.1","Mean Difference SS2 = NA"
"relaxedMEM_twosource",1,1.01407878509585,0.0234920726369102,0.0140787850958479,0.0236902848266853,0.0236667927540484,0.118081970592587,17.1190245559181,0.0140787850958479,0.967,0.644538774178967,1000,2,0.1,NA,0.9,"continuous",NA,"Mean Difference SS1 = 0.1","Mean Difference SS2 = NA"
"MEM",1,0.994949871242592,0.036076615609738,-0.00505012875740796,0.0361021194102044,0.0360660427945947,0.148701693080097,0.0248028058052143,0.00505012875740796,0.942,0.722653986313729,1000,2,1,NA,0.9,"continuous",NA,"Mean Difference SS1 = 1","Mean Difference SS2 = NA"
"relaxedMEM_allornothing",1,0.994949871242592,0.036076615609738,-0.00505012875740796,0.0361021194102044,0.0360660427945947,0.148701693080097,0.0248028058052143,0.00505012875740796,0.944,0.722845558628017,1000,2,1,NA,0.9,"continuous",NA,"Mean Difference SS1 = 1","Mean Difference SS2 = NA"
"relaxedMEM_max",1,0.994949871242592,0.036076615609738,-0.00505012875740796,0.0361021194102044,0.0360660427945947,0.148701693080097,0.0248028058052143,0.00505012875740796,0.944,0.722737973846436,1000,2,1,NA,0.9,"continuous",NA,"Mean Difference SS1 = 1","Mean Difference SS2 = NA"
"relaxedMEM_sqrtmax",1,0.994949871242592,0.036076615609738,-0.00505012875740796,0.0361021194102044,0.0360660427945947,0.148701693080097,0.0248028058052143,0.00505012875740796,0.941,0.722994898187975,1000,2,1,NA,0.9,"continuous",NA,"Mean Difference SS1 = 1","Mean Difference SS2 = NA"
"relaxedMEM_stretch1",1,0.994949871242592,0.036076615609738,-0.00505012875740796,0.0361021194102044,0.0360660427945947,0.148701693080097,0.0248028058052143,0.00505012875740796,0.942,0.722757631751827,1000,2,1,NA,0.9,"continuous",NA,"Mean Difference SS1 = 1","Mean Difference SS2 = NA"
"relaxedMEM_stretchsqrt",1,0.994949871242592,0.036076615609738,-0.00505012875740796,0.0361021194102044,0.0360660427945947,0.148701693080097,0.0248028058052143,0.00505012875740796,0.945,0.723014791190334,1000,2,1,NA,0.9,"continuous",NA,"Mean Difference SS1 = 1","Mean Difference SS2 = NA"
"relaxedMEM_twosource",1,0.994949871242592,0.036076615609738,-0.00505012875740796,0.0361021194102044,0.0360660427945947,0.148701693080097,0.0248028058052143,0.00505012875740796,0.942,0.723074881130175,1000,2,1,NA,0.9,"continuous",NA,"Mean Difference SS1 = 1","Mean Difference SS2 = NA"
"MEM",1,0.994558629940916,0.0132643145957801,-0.00544137005908363,0.0132939231039,0.0132806587893042,0.0838369502892845,36.7409843606382,0.00544137005908363,0.987,0.556063775395716,1000,3,0,0,0.9,"continuous",NA,"Mean Difference SS1 = 0","Mean Difference SS2 = 0"
"relaxedMEM_allornothing",1,0.994997112856647,0.0114666798666735,-0.00500288714335251,0.0114917087464426,0.0114802420665759,0.0692238252019708,60,0.00500288714335251,0.988,0.463815024860434,1000,3,0,0,0.9,"continuous",NA,"Mean Difference SS1 = 0","Mean Difference SS2 = 0"
"relaxedMEM_max",1,0.994663341219009,0.013016441371473,-0.00533665878099143,0.0130449212984177,0.0130319048570463,0.0824928362645935,37.696886299176,0.00533665878099143,0.986,0.550684935493144,1000,3,0,0,0.9,"continuous",NA,"Mean Difference SS1 = 0","Mean Difference SS2 = 0"
"relaxedMEM_sqrtmax",1,0.994792911239504,0.0123389900598283,-0.00520708876049569,0.012366103833188,0.0123537648431282,0.0773418113078215,46.3549464021088,0.00520708876049569,0.988,0.519794806190026,1000,3,0,0,0.9,"continuous",NA,"Mean Difference SS1 = 0","Mean Difference SS2 = 0"
"relaxedMEM_stretch1",1,0.994883396426095,0.0116453239652582,-0.00511660357390542,0.0116715035973907,0.0116598582734254,0.0706674947409184,58.5503729456229,0.00511660357390542,0.986,0.470687669583877,1000,3,0,0,0.9,"continuous",NA,"Mean Difference SS1 = 0","Mean Difference SS2 = 0"
"relaxedMEM_stretchsqrt",1,0.994719575455633,0.0124879866611214,-0.00528042454436672,0.0125158695444901,0.012503381557829,0.0782773300756496,45.6628122707995,0.00528042454436672,0.985,0.524277831115865,1000,3,0,0,0.9,"continuous",NA,"Mean Difference SS1 = 0","Mean Difference SS2 = 0"
"relaxedMEM_twosource",1,0.994558629940916,0.0132643145957801,-0.00544137005908363,0.0132939231039,0.0132806587893042,0.0838369502892845,36.7409843606382,0.00544137005908363,0.987,0.556260877959623,1000,3,0,0,0.9,"continuous",NA,"Mean Difference SS1 = 0","Mean Difference SS2 = 0"
"MEM",1,1.01348647834994,0.0144211895627995,0.0134864783499407,0.0146030746610829,0.0145886534715201,0.0896516861802232,35.9775546425095,0.0134864783499407,0.986,0.565421355418641,1000,3,0,0.1,0.9,"continuous",NA,"Mean Difference SS1 = 0","Mean Difference SS2 = 0.1"
"relaxedMEM_allornothing",1,1.01543493129106,0.0138391719569193,0.0154349312910618,0.0140774090608791,0.0140635698889222,0.085793017230893,60,0.0154349312910618,0.985,0.469001462693558,1000,3,0,0.1,0.9,"continuous",NA,"Mean Difference SS1 = 0","Mean Difference SS2 = 0.1"
"relaxedMEM_max",1,1.01446433766205,0.0137890411929352,0.0144643376620519,0.0139982582569371,0.0139844692157441,0.086691006173017,37.0898311568041,0.0144643376620519,0.987,0.557596000629768,1000,3,0,0.1,0.9,"continuous",NA,"Mean Difference SS1 = 0","Mean Difference SS2 = 0.1"
"relaxedMEM_sqrtmax",1,1.01489973464774,0.0136924509132137,0.01489973464774,0.0139144530057868,0.0139007605548736,0.0857051356555959,45.8836282028377,0.01489973464774,0.988,0.526731553882475,1000,3,0,0.1,0.9,"continuous",NA,"Mean Difference SS1 = 0","Mean Difference SS2 = 0.1"
"relaxedMEM_stretch1",1,1.01562938930234,0.0135460875093872,0.0156293893023389,0.0137903653193512,0.0137768192318419,0.0847541868494341,58.219325908678,0.0156293893023389,0.986,0.486648039217321,1000,3,0,0.1,0.9,"continuous",NA,"Mean Difference SS1 = 0","Mean Difference SS2 = 0.1"
"relaxedMEM_stretchsqrt",1,1.01423871893645,0.0141180435214526,0.014238718936449,0.0143207846384038,0.0143066665948824,0.087647714310411,45.0627992332216,0.014238718936449,0.987,0.53244499694804,1000,3,0,0.1,0.9,"continuous",NA,"Mean Difference SS1 = 0","Mean Difference SS2 = 0.1"
"relaxedMEM_twosource",1,1.01051049523635,0.0171737161596392,0.0105104952363542,0.0172841866697526,0.017267012953593,0.0990487948745279,35.9775546425095,0.0105104952363542,0.988,0.575333622272341,1000,3,0,0.1,0.9,"continuous",NA,"Mean Difference SS1 = 0","Mean Difference SS2 = 0.1"
"MEM",1,0.995184632778607,0.0227944580972559,-0.00481536722139264,0.0228176458587328,0.0227948514006355,0.112903275741718,17.4328913015348,0.00481536722139264,0.972,0.642675645975877,1000,3,0,1,0.9,"continuous",NA,"Mean Difference SS1 = 0","Mean Difference SS2 = 1"
"relaxedMEM_allornothing",1,0.994983267165939,0.0211498790434083,-0.0050167328340609,0.0211750466517366,0.0211538967726932,0.101154695875953,30,0.0050167328340609,0.969,0.56731782790528,1000,3,0,1,0.9,"continuous",NA,"Mean Difference SS1 = 0","Mean Difference SS2 = 1"
"relaxedMEM_max",1,0.995072646321785,0.0226103951347243,-0.00492735367821495,0.0226346739489946,0.0226120635538598,0.111954688936685,18.2185429463186,0.00492735367821495,0.97,0.639358379267279,1000,3,0,1,0.9,"continuous",NA,"Mean Difference SS1 = 0","Mean Difference SS2 = 1"
"relaxedMEM_sqrtmax",1,0.995033508136481,0.0219118773862872,-0.00496649186351938,0.0219365434277176,0.0219146315503313,0.107225486409573,23.3775181565822,0.00496649186351938,0.969,0.609977881403538,1000,3,0,1,0.9,"continuous",NA,"Mean Difference SS1 = 0","Mean Difference SS2 = 1"
"relaxedMEM_stretch1",1,0.994983947659178,0.0213308710350452,-0.00501605234082203,0.021356031816131,0.021334700945096,0.102400260335251,28.6779768634029,0.00501605234082203,0.969,0.573478150093851,1000,3,0,1,0.9,"continuous",NA,"Mean Difference SS1 = 0","Mean Difference SS2 = 1"
"relaxedMEM_stretchsqrt",1,0.995096689488716,0.0220141796915169,-0.00490331051128434,0.022038222145487,0.0220162079657955,0.107826865721239,22.8680426770815,0.00490331051128434,0.967,0.612447265722253,1000,3,0,1,0.9,"continuous",NA,"Mean Difference SS1 = 0","Mean Difference SS2 = 1"
"relaxedMEM_twosource",1,0.994920420210541,0.0227545581043973,-0.0050795797894595,0.0227803602352348,0.0227576056771304,0.11268752290631,17.4211273918703,0.0050795797894595,0.968,0.641515492324647,1000,3,0,1,0.9,"continuous",NA,"Mean Difference SS1 = 0","Mean Difference SS2 = 1"
"MEM",1,0.994335415887697,0.0152351430417081,-0.00566458411230342,0.0152672305548734,0.0152519954118317,0.091421095203005,34.2678680941722,0.00566458411230342,0.985,0.579321810294711,1000,3,0.1,-0.1,0.9,"continuous",NA,"Mean Difference SS1 = 0.1","Mean Difference SS2 = -0.1"
"relaxedMEM_allornothing",1,0.99413521947494,0.0159111789915143,-0.00586478052505968,0.0159455746421214,0.0159296634631299,0.0857750109999474,60,0.00586478052505968,0.984,0.460772946280811,1000,3,0.1,-0.1,0.9,"continuous",NA,"Mean Difference SS1 = 0.1","Mean Difference SS2 = -0.1"
"relaxedMEM_max",1,0.994506434152527,0.0139402871004457,-0.00549356584747274,0.0139704663661662,0.0139565260790658,0.0859256756454396,35.2910396505594,0.00549356584747274,0.982,0.573399596556825,1000,3,0.1,-0.1,0.9,"continuous",NA,"Mean Difference SS1 = 0.1","Mean Difference SS2 = -0.1"
"relaxedMEM_sqrtmax",1,0.994375102673391,0.0144949218091412,-0.00562489732660931,0.0145265612790761,0.014512066357267,0.0856939096260041,44.4389936529087,0.00562489732660931,0.984,0.536883919141425,1000,3,0.1,-0.1,0.9,"continuous",NA,"Mean Difference SS1 = 0.1","Mean Difference SS2 = -0.1"
"relaxedMEM_stretch1",1,0.994245973389857,0.0145113481283861,-0.00575402661014313,0.0145444569506163,0.0145299456024879,0.0816503092863648,58.0759196931166,0.00575402661014313,0.983,0.488166670062143,1000,3,0.1,-0.1,0.9,"continuous",NA,"Mean Difference SS1 = 0.1","Mean Difference SS2 = -0.1"
"relaxedMEM_stretchsqrt",1,0.994260254903631,0.0153628252466512,-0.00573974509636876,0.0153957699204225,0.0153804070951758,0.0893312788295034,43.640555030216,0.00573974509636876,0.983,0.541504124430913,1000,3,0.1,-0.1,0.9,"continuous",NA,"Mean Difference SS1 = 0.1","Mean Difference SS2 = -0.1"
"relaxedMEM_twosource",1,0.993786543308852,0.0203058419287059,-0.00621345669114803,0.0203444489727586,0.0203241431308299,0.106073688501523,34.2678680941722,0.00621345669114803,0.983,0.585395963783845,1000,3,0.1,-0.1,0.9,"continuous",NA,"Mean Difference SS1 = 0.1","Mean Difference SS2 = -0.1"
"MEM",1,1.03287938182493,0.0154248187373927,0.032879381824928,0.0165058724865822,0.0164904476678448,0.0982560926461518,36.3672976184633,0.032879381824928,0.985,0.568551298475292,1000,3,0.1,0.1,0.9,"continuous",NA,"Mean Difference SS1 = 0.1","Mean Difference SS2 = 0.1"
"relaxedMEM_allornothing",1,1.03925239182488,0.0143756050882842,0.0392523918248846,0.0159163553522585,0.0159019797471702,0.102375711369935,60,0.0392523918248846,0.984,0.481798877901755,1000,3,0.1,0.1,0.9,"continuous",NA,"Mean Difference SS1 = 0.1","Mean Difference SS2 = 0.1"
"relaxedMEM_max",1,1.03360788180886,0.0152515201704389,0.0336078818088594,0.0163810098901172,0.0163657583699467,0.0978099175417152,37.6968862991364,0.0336078818088594,0.985,0.563031956184531,1000,3,0.1,0.1,0.9,"continuous",NA,"Mean Difference SS1 = 0.1","Mean Difference SS2 = 0.1"
"relaxedMEM_sqrtmax",1,1.03579907841153,0.0148411983904314,0.0357990784115347,0.0161227724055466,0.0161079312071561,0.0989250323468001,46.3549464020803,0.0357990784115347,0.984,0.534358906550588,1000,3,0.1,0.1,0.9,"continuous",NA,"Mean Difference SS1 = 0.1","Mean Difference SS2 = 0.1"
"relaxedMEM_stretch1",1,1.03846740541503,0.014475219808048,0.0384674054150342,0.0159549610874126,0.0159404858676045,0.101590724960085,57.9833209576385,0.0384674054150342,0.985,0.4891198568172,1000,3,0.1,0.1,0.9,"continuous",NA,"Mean Difference SS1 = 0.1","Mean Difference SS2 = 0.1"
"relaxedMEM_stretchsqrt",1,1.03529111576749,0.0149384957848633,0.0352911157674887,0.0161839586369776,0.0161690201411927,0.0986473308864272,45.3897665213016,0.0352911157674887,0.982,0.538933944711067,1000,3,0.1,0.1,0.9,"continuous",NA,"Mean Difference SS1 = 0.1","Mean Difference SS2 = 0.1"
"relaxedMEM_twosource",1,1.03287938182493,0.0154248187373927,0.032879381824928,0.0165058724865822,0.0164904476678448,0.0982560926461518,36.3672976184633,0.032879381824928,0.983,0.568882292335003,1000,3,0.1,0.1,0.9,"continuous",NA,"Mean Difference SS1 = 0.1","Mean Difference SS2 = 0.1"
"MEM",1,0.991877138473379,0.0380807520981237,-0.00812286152662078,0.0381467329775044,0.0381086522254062,0.151654847292689,0.143733349073706,0.00812286152662078,0.944,0.731921249776825,1000,3,1,-1,0.9,"continuous",NA,"Mean Difference SS1 = 1","Mean Difference SS2 = -1"
"relaxedMEM_allornothing",1,0.991877138473379,0.0380807520981237,-0.00812286152662078,0.0381467329775044,0.0381086522254062,0.151654847292689,0.143733349073706,0.00812286152662078,0.943,0.732082058460222,1000,3,1,-1,0.9,"continuous",NA,"Mean Difference SS1 = 1","Mean Difference SS2 = -1"
"relaxedMEM_max",1,0.991877138473379,0.0380807520981237,-0.00812286152662078,0.0381467329775044,0.0381086522254062,0.151654847292689,0.143733349073706,0.00812286152662078,0.941,0.73188817713928,1000,3,1,-1,0.9,"continuous",NA,"Mean Difference SS1 = 1","Mean Difference SS2 = -1"
"relaxedMEM_sqrtmax",1,0.991877138473379,0.0380807520981237,-0.00812286152662078,0.0381467329775044,0.0381086522254062,0.151654847292689,0.143733349073706,0.00812286152662078,0.944,0.732257094773433,1000,3,1,-1,0.9,"continuous",NA,"Mean Difference SS1 = 1","Mean Difference SS2 = -1"
"relaxedMEM_stretch1",1,0.991877138473379,0.0380807520981237,-0.00812286152662078,0.0381467329775044,0.0381086522254062,0.151654847292689,0.143733349073706,0.00812286152662078,0.942,0.732150314363805,1000,3,1,-1,0.9,"continuous",NA,"Mean Difference SS1 = 1","Mean Difference SS2 = -1"
"relaxedMEM_stretchsqrt",1,0.991877138473379,0.0380807520981237,-0.00812286152662078,0.0381467329775044,0.0381086522254062,0.151654847292689,0.143733349073706,0.00812286152662078,0.942,0.732122686604629,1000,3,1,-1,0.9,"continuous",NA,"Mean Difference SS1 = 1","Mean Difference SS2 = -1"
"relaxedMEM_twosource",1,0.991877138473379,0.0380807520981237,-0.00812286152662078,0.0381467329775044,0.0381086522254062,0.151654847292689,0.143733349073706,0.00812286152662078,0.943,0.732542697583486,1000,3,1,-1,0.9,"continuous",NA,"Mean Difference SS1 = 1","Mean Difference SS2 = -1"
"MEM",1,0.974644544629819,0.0238616733971396,-0.0253554553701807,0.0245045725141688,0.0244807108407717,0.118831606004879,17.104643671432,0.0253554553701807,0.966,0.649732008386238,1000,3,1,-0.1,0.9,"continuous",NA,"Mean Difference SS1 = 1","Mean Difference SS2 = -0.1"
"relaxedMEM_allornothing",1,0.970675115520398,0.0227350252524151,-0.0293248844796016,0.0235949741021571,0.0235722390769047,0.120006344180333,30,0.0293248844796016,0.967,0.580850698913614,1000,3,1,-0.1,0.9,"continuous",NA,"Mean Difference SS1 = 1","Mean Difference SS2 = -0.1"
"relaxedMEM_max",1,0.974278295706345,0.0237401894065138,-0.0257217042936546,0.024401795478284,0.0243780552888775,0.11844469826784,18.2136950130123,0.0257217042936546,0.967,0.646745660392977,1000,3,1,-0.1,0.9,"continuous",NA,"Mean Difference SS1 = 1","Mean Difference SS2 = -0.1"
"relaxedMEM_sqrtmax",1,0.972700365157627,0.0232414175525009,-0.0272996348423727,0.0239866876150278,0.0239634461974753,0.118318517679468,23.3752383540895,0.0272996348423727,0.965,0.620192823503064,1000,3,1,-0.1,0.9,"continuous",NA,"Mean Difference SS1 = 1","Mean Difference SS2 = -0.1"
"relaxedMEM_stretch1",1,0.971186578223131,0.0228592235636377,-0.0288134217768685,0.0236894368381294,0.0236665776145658,0.1194948814776,28.1480936156207,0.0288134217768685,0.966,0.58725085362744,1000,3,1,-0.1,0.9,"continuous",NA,"Mean Difference SS1 = 1","Mean Difference SS2 = -0.1"
"relaxedMEM_stretchsqrt",1,0.97293440488271,0.0233067044313194,-0.0270655951172896,0.0240392508703724,0.0240159441659411,0.11836284718996,22.6505113115752,0.0270655951172896,0.967,0.622481496518219,1000,3,1,-0.1,0.9,"continuous",NA,"Mean Difference SS1 = 1","Mean Difference SS2 = -0.1"
"relaxedMEM_twosource",1,0.974552275375377,0.0238593562689317,-0.0254477246246233,0.0245069429575023,0.0244830836012334,0.11883502620023,17.0959270238175,0.0254477246246233,0.968,0.649557331596871,1000,3,1,-0.1,0.9,"continuous",NA,"Mean Difference SS1 = 1","Mean Difference SS2 = -0.1"
"MEM",1,0.998582434339115,0.038415589121819,-0.00141756566088458,0.038417598614222,0.0383791830251001,0.152204983124124,0.0567390486700154,0.00141756566088458,0.939,0.733920488161035,1000,3,1,1,0.9,"continuous",NA,"Mean Difference SS1 = 1","Mean Difference SS2 = 1"
"relaxedMEM_allornothing",1,0.998582434339115,0.038415589121819,-0.00141756566088458,0.038417598614222,0.0383791830251001,0.152204983124124,0.0567390486700154,0.00141756566088458,0.942,0.734052485485865,1000,3,1,1,0.9,"continuous",NA,"Mean Difference SS1 = 1","Mean Difference SS2 = 1"
"relaxedMEM_max",1,0.998582434339115,0.038415589121819,-0.00141756566088458,0.038417598614222,0.0383791830251001,0.152204983124124,0.0567390486700154,0.00141756566088458,0.94,0.733798701831671,1000,3,1,1,0.9,"continuous",NA,"Mean Difference SS1 = 1","Mean Difference SS2 = 1"
"relaxedMEM_sqrtmax",1,0.998582434339115,0.038415589121819,-0.00141756566088458,0.038417598614222,0.0383791830251001,0.152204983124124,0.0567390486700154,0.00141756566088458,0.939,0.734226371987295,1000,3,1,1,0.9,"continuous",NA,"Mean Difference SS1 = 1","Mean Difference SS2 = 1"
"relaxedMEM_stretch1",1,0.998582434339115,0.038415589121819,-0.00141756566088458,0.038417598614222,0.0383791830251001,0.152204983124124,0.0567390486700154,0.00141756566088458,0.941,0.733871274133522,1000,3,1,1,0.9,"continuous",NA,"Mean Difference SS1 = 1","Mean Difference SS2 = 1"
"relaxedMEM_stretchsqrt",1,0.998582434339115,0.038415589121819,-0.00141756566088458,0.038417598614222,0.0383791830251001,0.152204983124124,0.0567390486700154,0.00141756566088458,0.943,0.734054576662694,1000,3,1,1,0.9,"continuous",NA,"Mean Difference SS1 = 1","Mean Difference SS2 = 1"
"relaxedMEM_twosource",1,0.998582434339115,0.038415589121819,-0.00141756566088458,0.038417598614222,0.0383791830251001,0.152204983124124,0.0567390486700154,0.00141756566088458,0.938,0.734178385835877,1000,3,1,1,0.9,"continuous",NA,"Mean Difference SS1 = 1","Mean Difference SS2 = 1"
