"mu","est.mean","est.var","est.bias","mse.part","mse.sum.part","mae.part","est.esss","abserr.part","cov.part","hpd.part","model","min1","max1","min2","max2","min3","max3","min_simx","max_simx","num_iterations","numsources","diff1","diff2","outcome_type","truep","diff1_c","diff2_c"
0.5,0.500488669245897,0.00392087710735897,0.000488669245896967,0.00392111590499086,0.0039171950278835,0.0476753695669251,24.1499905899973,0.000488669245896967,NA,NA,"MEM",0,30,NA,NA,NA,NA,0,30,1000,2,0,NA,"binary",0.5,"Mean Difference SS1 = 0","Mean Difference SS2 = NA"
0.5,0.500444225486328,0.00242342888146534,0.000444225486328165,0.00242362621774805,0.00242120278886658,0.0370384611652649,32,0.000444225486328165,NA,NA,"relaxedMEM_allornothing",9,21,NA,NA,NA,NA,0,30,1000,2,0,NA,"binary",0.5,"Mean Difference SS1 = 0","Mean Difference SS2 = NA"
0.5,0.500172493155189,0.00312836141891426,0.000172493155188858,0.00312839117280285,0.00312526281138393,0.0440899053667107,24.8660433745772,0.000172493155188858,NA,NA,"relaxedMEM_max",7,23,NA,NA,NA,NA,0,30,1000,2,0,NA,"binary",0.5,"Mean Difference SS1 = 0","Mean Difference SS2 = NA"
0.5,0.500428867602231,0.00279553265041711,0.000428867602231153,0.00279571657783735,0.00279292104518694,0.0408140639169602,28.1912447439467,0.000428867602231153,NA,NA,"relaxedMEM_sqrtmax",8,22,NA,NA,NA,NA,0,30,1000,2,0,NA,"binary",0.5,"Mean Difference SS1 = 0","Mean Difference SS2 = NA"
0.5,0.500504633493616,0.00301511728838635,0.000504633493615847,0.00301537194334923,0.00301235682606084,0.0408078244840141,31.0605465411966,0.000504633493615847,NA,NA,"relaxedMEM_stretch1",0,30,NA,NA,NA,NA,0,30,1000,2,0,NA,"binary",0.5,"Mean Difference SS1 = 0","Mean Difference SS2 = NA"
0.5,0.500389259389007,0.0030679671383731,0.000389259389006802,0.00306811866124503,0.00306505069410666,0.0425762626804143,27.7778920336772,0.000389259389006802,NA,NA,"relaxedMEM_stretchsqrt",0,30,NA,NA,NA,NA,0,30,1000,2,0,NA,"binary",0.5,"Mean Difference SS1 = 0","Mean Difference SS2 = NA"
0.5,0.500488669245897,0.00392087710735897,0.000488669245896967,0.00392111590499086,0.0039171950278835,0.0476753695669251,24.1499905899973,0.000488669245896967,NA,NA,"relaxedMEM_twosource",0,30,NA,NA,NA,NA,0,30,1000,2,0,NA,"binary",0.5,"Mean Difference SS1 = 0","Mean Difference SS2 = NA"
0.5,0.510052084673202,0.00401968122431604,0.0100520846732015,0.00412072563059326,0.00411670594936894,0.0501204427247406,24.140641642541,0.0100520846732015,NA,NA,"MEM",0,30,NA,NA,NA,NA,0,30,1000,2,0.0333333333333333,NA,"binary",0.5,"Mean Difference SS1 = 0.03","Mean Difference SS2 = NA"
0.5,0.515292448708486,0.00258912213049685,0.0152924487084862,0.00282298111799853,0.00282039199586803,0.0400145157626603,32,0.0152924487084862,NA,NA,"relaxedMEM_allornothing",10,22,NA,NA,NA,NA,0,30,1000,2,0.0333333333333333,NA,"binary",0.5,"Mean Difference SS1 = 0.03","Mean Difference SS2 = NA"
0.5,0.512373239477012,0.00316978534974793,0.0123732394770122,0.00332288240490342,0.00331971261955368,0.0459468657478787,24.8779414240198,0.0123732394770122,NA,NA,"relaxedMEM_max",8,23,NA,NA,NA,NA,0,30,1000,2,0.0333333333333333,NA,"binary",0.5,"Mean Difference SS1 = 0.03","Mean Difference SS2 = NA"
0.5,0.513880778606112,0.00275429777536218,0.0138807786061124,0.00294697379007409,0.00294421949229873,0.0427261643181314,28.1980579952139,0.0138807786061124,NA,NA,"relaxedMEM_sqrtmax",9,23,NA,NA,NA,NA,0,30,1000,2,0.0333333333333333,NA,"binary",0.5,"Mean Difference SS1 = 0.03","Mean Difference SS2 = NA"
0.5,0.51304517019419,0.00313421931385028,0.0130451701941903,0.00330439577924567,0.00330126155993182,0.0440290848752251,31.0331737880429,0.0130451701941903,NA,NA,"relaxedMEM_stretch1",0,30,NA,NA,NA,NA,0,30,1000,2,0.0333333333333333,NA,"binary",0.5,"Mean Difference SS1 = 0.03","Mean Difference SS2 = NA"
0.5,0.512701598529268,0.00313230058637917,0.0127015985292676,0.00329363119157786,0.00329049889099148,0.0450511949838277,27.7724513633498,0.0127015985292676,NA,NA,"relaxedMEM_stretchsqrt",0,30,NA,NA,NA,NA,0,30,1000,2,0.0333333333333333,NA,"binary",0.5,"Mean Difference SS1 = 0.03","Mean Difference SS2 = NA"
0.5,0.510052084673202,0.00401968122431604,0.0100520846732015,0.00412072563059326,0.00411670594936894,0.0501204427247406,24.140641642541,0.0100520846732015,NA,NA,"relaxedMEM_twosource",0,30,NA,NA,NA,NA,0,30,1000,2,0.0333333333333333,NA,"binary",0.5,"Mean Difference SS1 = 0.03","Mean Difference SS2 = NA"
0.5,0.517524189187683,0.0104272254357668,0.0175241891876831,0.0107343226424525,0.0107238954170167,0.0838150639670669,4.30114608845838,0.0175241891876831,NA,NA,"MEM",0,30,NA,NA,NA,NA,0,30,1000,2,0.333333333333333,NA,"binary",0.5,"Mean Difference SS1 = 0.33","Mean Difference SS2 = NA"
0.5,0.52768960811124,0.0138238411892774,0.0276896081112404,0.0145905555866314,0.0145767317454422,0.0939804828906242,4.30114608845838,0.0276896081112404,NA,NA,"relaxedMEM_allornothing",18,29,NA,NA,NA,NA,0,30,1000,2,0.333333333333333,NA,"binary",0.5,"Mean Difference SS1 = 0.33","Mean Difference SS2 = NA"
0.5,0.532480303660897,0.0142077587801355,0.0324803036608975,0.0152627289060396,0.0152485211472595,0.0987711784402813,4.30114608845838,0.0324803036608975,NA,NA,"relaxedMEM_max",17,30,NA,NA,NA,NA,0,30,1000,2,0.333333333333333,NA,"binary",0.5,"Mean Difference SS1 = 0.33","Mean Difference SS2 = NA"
0.5,0.535357578335924,0.0151320119270055,0.0353575783359242,0.0163821702727865,0.0163670382608595,0.101648453115308,4.30114608845838,0.0353575783359242,NA,NA,"relaxedMEM_sqrtmax",17,29,NA,NA,NA,NA,0,30,1000,2,0.333333333333333,NA,"binary",0.5,"Mean Difference SS1 = 0.33","Mean Difference SS2 = NA"
0.5,0.521524536958694,0.0111262055668586,0.0215245369586945,0.0115895112581448,0.011578385052578,0.0871226192461911,4.83989204003639,0.0215245369586945,NA,NA,"relaxedMEM_stretch1",0,30,NA,NA,NA,NA,0,30,1000,2,0.333333333333333,NA,"binary",0.5,"Mean Difference SS1 = 0.33","Mean Difference SS2 = NA"
0.5,0.542840380679213,0.0111319090995025,0.0428403806792131,0.0129672073162424,0.0129560754071429,0.0931223672003345,10.3086931977148,0.0428403806792131,NA,NA,"relaxedMEM_stretchsqrt",0,30,NA,NA,NA,NA,0,30,1000,2,0.333333333333333,NA,"binary",0.5,"Mean Difference SS1 = 0.33","Mean Difference SS2 = NA"
0.5,0.517524189187683,0.0104272254357668,0.0175241891876831,0.0107343226424525,0.0107238954170167,0.0838150639670669,4.30114608845838,0.0175241891876831,NA,NA,"relaxedMEM_twosource",0,30,NA,NA,NA,NA,0,30,1000,2,0.333333333333333,NA,"binary",0.5,"Mean Difference SS1 = 0.33","Mean Difference SS2 = NA"
0.5,0.500356140982231,0.00194661254211876,0.000356140982230913,0.00194673937851798,0.00194479276597586,0.0331258552205566,48.1570263936459,0.000356140982230913,NA,NA,"MEM",0,30,NA,NA,NA,NA,0,30,1000,3,0,0,"binary",0.5,"Mean Difference SS1 = 0","Mean Difference SS2 = 0"
0.5,0.500623011608109,0.00138946174882764,0.000623011608108737,0.00138984989229148,0.00138846043054265,0.0264229890035313,62,0.000623011608108737,NA,NA,"relaxedMEM_allornothing",10,20,NA,NA,NA,NA,0,30,1000,3,0,0,"binary",0.5,"Mean Difference SS1 = 0","Mean Difference SS2 = 0"
0.5,0.500291170675469,0.00168521887332202,0.000291170675469021,0.00168530365368427,0.00168361843481095,0.0312281763021359,48.8440932495754,0.000291170675469021,NA,NA,"relaxedMEM_max",9,21,NA,NA,NA,NA,0,30,1000,3,0,0,"binary",0.5,"Mean Difference SS1 = 0","Mean Difference SS2 = 0"
0.5,0.500301082395736,0.00145431266148419,0.000301082395735786,0.00145440331209321,0.00145294899943172,0.0285891807810826,54.6228549468253,0.000301082395735786,NA,NA,"relaxedMEM_sqrtmax",9,21,NA,NA,NA,NA,0,30,1000,3,0,0,"binary",0.5,"Mean Difference SS1 = 0","Mean Difference SS2 = 0"
0.5,0.5003109321691,0.00131731425720742,0.000310932169100386,0.0013174109360212,0.00131609362176399,0.0267367380765074,61.1746756933798,0.000310932169100386,NA,NA,"relaxedMEM_stretch1",0,30,NA,NA,NA,NA,0,30,1000,3,0,0,"binary",0.5,"Mean Difference SS1 = 0","Mean Difference SS2 = 0"
0.5,0.50026769901363,0.00149945389212648,0.00026769901363044,0.00149952555488838,0.00149802610099625,0.0294427060540981,54.1963542948645,0.00026769901363044,NA,NA,"relaxedMEM_stretchsqrt",0,30,NA,NA,NA,NA,0,30,1000,3,0,0,"binary",0.5,"Mean Difference SS1 = 0","Mean Difference SS2 = 0"
0.5,0.500356140982231,0.00194661254211876,0.000356140982230913,0.00194673937851798,0.00194479276597586,0.0331258552205566,48.1570263936459,0.000356140982230913,NA,NA,"relaxedMEM_twosource",0,30,NA,NA,NA,NA,0,30,1000,3,0,0,"binary",0.5,"Mean Difference SS1 = 0","Mean Difference SS2 = 0"
0.5,0.508653941767152,0.00199594886467391,0.00865394176715173,0.00207083957278316,0.00206884362391849,0.0349166837784389,48.2346015207796,0.00865394176715173,NA,NA,"MEM",0,30,NA,NA,NA,NA,0,30,1000,3,0,0.0333333333333333,"binary",0.5,"Mean Difference SS1 = 0","Mean Difference SS2 = 0.03"
0.5,0.510435991075495,0.00128917498479928,0.0104359910754953,0.0013980848945271,0.0013967957195423,0.0273338464543593,62,0.0104359910754953,NA,NA,"relaxedMEM_allornothing",10,21,NA,NA,NA,NA,0,30,1000,3,0,0.0333333333333333,"binary",0.5,"Mean Difference SS1 = 0","Mean Difference SS2 = 0.03"
0.5,0.509398059234644,0.00167767942860646,0.00939805923464432,0.00176600294598435,0.00176432526655574,0.0325845690472165,48.6331157751237,0.00939805923464432,NA,NA,"relaxedMEM_max",9,22,NA,NA,NA,NA,0,30,1000,3,0,0.0333333333333333,"binary",0.5,"Mean Difference SS1 = 0","Mean Difference SS2 = 0.03"
0.5,0.509712958760596,0.0015379762333915,0.00971295876059564,0.00163231780127654,0.00163077982504314,0.0305096877377363,54.4886563960681,0.00971295876059564,NA,NA,"relaxedMEM_sqrtmax",10,21,NA,NA,NA,NA,0,30,1000,3,0,0.0333333333333333,"binary",0.5,"Mean Difference SS1 = 0","Mean Difference SS2 = 0.03"
0.5,0.510175624592864,0.00134354317047006,0.0101756245928636,0.00144708650632495,0.00144574296315448,0.0285261938250317,61.5118282336489,0.0101756245928636,NA,NA,"relaxedMEM_stretch1",0,30,NA,NA,NA,NA,0,30,1000,3,0,0.0333333333333333,"binary",0.5,"Mean Difference SS1 = 0","Mean Difference SS2 = 0.03"
0.5,0.509593487882064,0.00153151855933387,0.00959348788206416,0.00162355356907719,0.00162202205051785,0.0311710911996501,54.2404647772312,0.00959348788206416,NA,NA,"relaxedMEM_stretchsqrt",0,30,NA,NA,NA,NA,0,30,1000,3,0,0.0333333333333333,"binary",0.5,"Mean Difference SS1 = 0","Mean Difference SS2 = 0.03"
0.5,0.508653941767152,0.00199594886467391,0.00865394176715173,0.00207083957278316,0.00206884362391849,0.0349166837784389,48.2346015207796,0.00865394176715173,NA,NA,"relaxedMEM_twosource",0,30,NA,NA,NA,NA,0,30,1000,3,0,0.0333333333333333,"binary",0.5,"Mean Difference SS1 = 0","Mean Difference SS2 = 0.03"
0.5,0.511198734804959,0.00549465081057993,0.0111987348049586,0.00562006247181172,0.00561456782100114,0.056817668616723,25.8400766532382,0.0111987348049586,NA,NA,"MEM",0,30,NA,NA,NA,NA,0,30,1000,3,0,0.333333333333333,"binary",0.5,"Mean Difference SS1 = 0","Mean Difference SS2 = 0.33"
0.5,0.53752682008781,0.00872207745198228,0.0375268200878105,0.0101303396778852,0.0101216176004332,0.0831457538995749,25.8400766532382,0.0375268200878105,NA,NA,"relaxedMEM_allornothing",16,23,NA,NA,NA,NA,0,30,1000,3,0,0.333333333333333,"binary",0.5,"Mean Difference SS1 = 0","Mean Difference SS2 = 0.33"
0.5,0.541359686146897,0.00660059599903403,0.0413596861468967,0.00831121963720383,0.0083046190412048,0.0825874774324201,26.9327854430381,0.0413596861468967,NA,NA,"relaxedMEM_max",14,25,NA,NA,NA,NA,0,30,1000,3,0,0.333333333333333,"binary",0.5,"Mean Difference SS1 = 0","Mean Difference SS2 = 0.33"
0.5,0.546979148467649,0.00694117239866779,0.0469791484676487,0.00914821278941317,0.0091412716170145,0.0882069397531722,34.68891686755,0.0469791484676487,NA,NA,"relaxedMEM_sqrtmax",14,24,NA,NA,NA,NA,0,30,1000,3,0,0.333333333333333,"binary",0.5,"Mean Difference SS1 = 0","Mean Difference SS2 = 0.33"
0.5,0.533821239816457,0.00638783137691381,0.0338212398164568,0.00753170763963609,0.00752531980825918,0.0703089161450921,35.3676960281592,0.0338212398164568,NA,NA,"relaxedMEM_stretch1",0,30,NA,NA,NA,NA,0,30,1000,3,0,0.333333333333333,"binary",0.5,"Mean Difference SS1 = 0","Mean Difference SS2 = 0.33"
0.5,0.521785699739097,0.0053489183963099,0.0217856997390974,0.005823535109432,0.00581818619103569,0.0589672193833026,30.5650106273249,0.0217856997390974,NA,NA,"relaxedMEM_stretchsqrt",0,30,NA,NA,NA,NA,0,30,1000,3,0,0.333333333333333,"binary",0.5,"Mean Difference SS1 = 0","Mean Difference SS2 = 0.33"
0.5,0.511198734804959,0.00549465081057993,0.0111987348049586,0.00562006247181172,0.00561456782100114,0.056817668616723,25.8400766532382,0.0111987348049586,NA,NA,"relaxedMEM_twosource",0,30,NA,NA,NA,NA,0,30,1000,3,0,0.333333333333333,"binary",0.5,"Mean Difference SS1 = 0","Mean Difference SS2 = 0.33"
0.5,0.500367388960026,0.00210788171027685,0.00036738896002575,0.0021080166849248,0.00210590880321453,0.03455411591097,47.2014954591553,0.00036738896002575,NA,NA,"MEM",0,30,NA,NA,NA,NA,0,30,1000,3,0.0333333333333333,-0.0333333333333333,"binary",0.5,"Mean Difference SS1 = 0.03","Mean Difference SS2 = -0.03"
0.5,0.500677673682551,0.00143559132834792,0.000677673682550672,0.00143605056996794,0.00143461497863959,0.0266254149596097,62,0.000677673682550672,NA,NA,"relaxedMEM_allornothing",10,20,NA,NA,NA,NA,0,30,1000,3,0.0333333333333333,-0.0333333333333333,"binary",0.5,"Mean Difference SS1 = 0.03","Mean Difference SS2 = -0.03"
0.5,0.500305459861537,0.00174026233548533,0.000305459861537294,0.00174035564121234,0.00173861537887686,0.0317083236603814,47.9682661050608,0.000305459861537294,NA,NA,"relaxedMEM_max",9,21,NA,NA,NA,NA,0,30,1000,3,0.0333333333333333,-0.0333333333333333,"binary",0.5,"Mean Difference SS1 = 0.03","Mean Difference SS2 = -0.03"
0.5,0.500315958101647,0.00149261696271161,0.000315958101647307,0.0014927167922336,0.00149122417527089,0.0289132007814715,54.061804765488,0.000315958101647307,NA,NA,"relaxedMEM_sqrtmax",9,21,NA,NA,NA,NA,0,30,1000,3,0.0333333333333333,-0.0333333333333333,"binary",0.5,"Mean Difference SS1 = 0.03","Mean Difference SS2 = -0.03"
0.5,0.500334972984588,0.00138274646417574,0.0003349729845884,0.00138285867107614,0.00138147592461196,0.0272376451112822,61.0082134893675,0.0003349729845884,NA,NA,"relaxedMEM_stretch1",0,30,NA,NA,NA,NA,0,30,1000,3,0.0333333333333333,-0.0333333333333333,"binary",0.5,"Mean Difference SS1 = 0.03","Mean Difference SS2 = -0.03"
0.5,0.500280260630914,0.00159379450017056,0.00028026063091402,0.0015938730461918,0.00159227925169163,0.0303489049929256,53.5752084886355,0.00028026063091402,NA,NA,"relaxedMEM_stretchsqrt",0,30,NA,NA,NA,NA,0,30,1000,3,0.0333333333333333,-0.0333333333333333,"binary",0.5,"Mean Difference SS1 = 0.03","Mean Difference SS2 = -0.03"
0.5,0.500367388960026,0.00210788171027685,0.00036738896002575,0.0021080166849248,0.00210590880321453,0.03455411591097,47.2014954591553,0.00036738896002575,NA,NA,"relaxedMEM_twosource",0,30,NA,NA,NA,NA,0,30,1000,3,0.0333333333333333,-0.0333333333333333,"binary",0.5,"Mean Difference SS1 = 0.03","Mean Difference SS2 = -0.03"
0.5,0.517030803122821,0.00201774606383637,0.0170308031228213,0.00230779431884467,0.00230577657278083,0.0375759450069076,48.1586118686685,0.0170308031228213,NA,NA,"MEM",0,30,NA,NA,NA,NA,0,30,1000,3,0.0333333333333333,0.0333333333333333,"binary",0.5,"Mean Difference SS1 = 0.03","Mean Difference SS2 = 0.03"
0.5,0.519803601661414,0.00148879193727509,0.0198036016614137,0.00188097457603904,0.00187948578410176,0.0330937284892257,62,0.0198036016614137,NA,NA,"relaxedMEM_allornothing",11,21,NA,NA,NA,NA,0,30,1000,3,0.0333333333333333,0.0333333333333333,"binary",0.5,"Mean Difference SS1 = 0.03","Mean Difference SS2 = 0.03"
0.5,0.518229289283427,0.00175996842114175,0.0182292892834269,0.00209227540892061,0.00209051544049947,0.0356008240195945,48.8670375648198,0.0182292892834269,NA,NA,"relaxedMEM_max",10,22,NA,NA,NA,NA,0,30,1000,3,0.0333333333333333,0.0333333333333333,"binary",0.5,"Mean Difference SS1 = 0.03","Mean Difference SS2 = 0.03"
0.5,0.519405612683882,0.00154444956364054,0.0194056126838824,0.0019210273672774,0.00191948291771375,0.0339240251834648,54.6372676448432,0.0194056126838824,NA,NA,"relaxedMEM_sqrtmax",10,22,NA,NA,NA,NA,0,30,1000,3,0.0333333333333333,0.0333333333333333,"binary",0.5,"Mean Difference SS1 = 0.03","Mean Difference SS2 = 0.03"
0.5,0.52002401362403,0.00138535431052568,0.0200240136240295,0.001786315432141,0.00178493007783047,0.0331878506244672,61.1489422452945,0.0200240136240295,NA,NA,"relaxedMEM_stretch1",0,30,NA,NA,NA,NA,0,30,1000,3,0.0333333333333333,0.0333333333333333,"binary",0.5,"Mean Difference SS1 = 0.03","Mean Difference SS2 = 0.03"
0.5,0.518967108921779,0.00154966444628358,0.0189671089217788,0.0019094156671342,0.00190786600268792,0.0346412565928869,54.1975828737239,0.0189671089217788,NA,NA,"relaxedMEM_stretchsqrt",0,30,NA,NA,NA,NA,0,30,1000,3,0.0333333333333333,0.0333333333333333,"binary",0.5,"Mean Difference SS1 = 0.03","Mean Difference SS2 = 0.03"
0.5,0.517030803122821,0.00201774606383637,0.0170308031228213,0.00230779431884467,0.00230577657278083,0.0375759450069076,48.1586118686685,0.0170308031228213,NA,NA,"relaxedMEM_twosource",0,30,NA,NA,NA,NA,0,30,1000,3,0.0333333333333333,0.0333333333333333,"binary",0.5,"Mean Difference SS1 = 0.03","Mean Difference SS2 = 0.03"
0.5,0.500339639759263,0.0135941550117058,0.0003396397592631,0.0135942703668719,0.0135806762118602,0.0947377211066998,9.0935161250388,0.0003396397592631,NA,NA,"MEM",0,30,NA,NA,NA,NA,0,30,1000,3,0.333333333333333,-0.333333333333333,"binary",0.5,"Mean Difference SS1 = 0.33","Mean Difference SS2 = -0.33"
0.5,0.50103118844665,0.00597610612719386,0.00103118844665029,0.00597716947680637,0.00597119337067917,0.04186913727927,62,0.00103118844665029,NA,NA,"relaxedMEM_allornothing",11,19,NA,NA,NA,NA,0,30,1000,3,0.333333333333333,-0.333333333333333,"binary",0.5,"Mean Difference SS1 = 0.33","Mean Difference SS2 = -0.33"
0.5,0.500407342768848,0.00669421138015597,0.000407342768848129,0.00669437730828731,0.00668768309690715,0.0648827377586907,6.27489773778931,0.000407342768848129,NA,NA,"relaxedMEM_max",0,30,NA,NA,NA,NA,0,30,1000,3,0.333333333333333,-0.333333333333333,"binary",0.5,"Mean Difference SS1 = 0.33","Mean Difference SS2 = -0.33"
0.5,0.500406600243088,0.00666982876138999,0.00040660024308814,0.00666999408514767,0.00666332425638628,0.0647644673478136,6.43705437630308,0.00040660024308814,NA,NA,"relaxedMEM_sqrtmax",0,30,NA,NA,NA,NA,0,30,1000,3,0.333333333333333,-0.333333333333333,"binary",0.5,"Mean Difference SS1 = 0.33","Mean Difference SS2 = -0.33"
0.5,0.500451175298601,0.00783536595966332,0.000451175298601281,0.00783556951881339,0.00782773415285373,0.060806194518936,48.8080537674054,0.000451175298601281,NA,NA,"relaxedMEM_stretch1",0,30,NA,NA,NA,NA,0,30,1000,3,0.333333333333333,-0.333333333333333,"binary",0.5,"Mean Difference SS1 = 0.33","Mean Difference SS2 = -0.33"
0.5,0.50034043804855,0.013561652509614,0.000340438048550107,0.0135617684076789,0.0135482067551693,0.0946032401181675,9.22695500618608,0.000340438048550107,NA,NA,"relaxedMEM_stretchsqrt",0,30,NA,NA,NA,NA,0,30,1000,3,0.333333333333333,-0.333333333333333,"binary",0.5,"Mean Difference SS1 = 0.33","Mean Difference SS2 = -0.33"
0.5,0.500339639759263,0.0135941550117058,0.0003396397592631,0.0135942703668719,0.0135806762118602,0.0947377211066998,9.0935161250388,0.0003396397592631,NA,NA,"relaxedMEM_twosource",0,30,NA,NA,NA,NA,0,30,1000,3,0.333333333333333,-0.333333333333333,"binary",0.5,"Mean Difference SS1 = 0.33","Mean Difference SS2 = -0.33"
0.5,0.502055211520241,0.00590600941861114,0.00205521152024057,0.00591023331300407,0.00590432730358546,0.0585929468689701,25.0165882690108,0.00205521152024057,NA,NA,"MEM",0,30,NA,NA,NA,NA,0,30,1000,3,0.333333333333333,-0.0333333333333333,"binary",0.5,"Mean Difference SS1 = 0.33","Mean Difference SS2 = -0.03"
0.5,0.540866965489783,0.00894109771086114,0.0408669654897832,0.0106112065792043,0.0106022654814934,0.0954373823363037,62,0.0408669654897832,NA,NA,"relaxedMEM_allornothing",15,23,NA,NA,NA,NA,0,30,1000,3,0.333333333333333,-0.0333333333333333,"binary",0.5,"Mean Difference SS1 = 0.33","Mean Difference SS2 = -0.03"
0.5,0.537626127211749,0.00594558024639083,0.0376261272117491,0.00736130569534555,0.00735536011509916,0.0742602254196658,24.5199462410141,0.0376261272117491,NA,NA,"relaxedMEM_max",13,24,NA,NA,NA,NA,0,30,1000,3,0.333333333333333,-0.0333333333333333,"binary",0.5,"Mean Difference SS1 = 0.33","Mean Difference SS2 = -0.03"
0.5,0.536034456384992,0.00683924332713707,0.036034456384992,0.00813772537409897,0.00813088613077183,0.0828249738363672,31.1708277547366,0.036034456384992,NA,NA,"relaxedMEM_sqrtmax",14,24,NA,NA,NA,NA,0,30,1000,3,0.333333333333333,-0.0333333333333333,"binary",0.5,"Mean Difference SS1 = 0.33","Mean Difference SS2 = -0.03"
0.5,0.525972247117609,0.00646489954579345,0.0259722471176091,0.0071394571661316,0.00713299226658581,0.069392309449209,36.2678111930726,0.0259722471176091,NA,NA,"relaxedMEM_stretch1",0,30,NA,NA,NA,NA,0,30,1000,3,0.333333333333333,-0.0333333333333333,"binary",0.5,"Mean Difference SS1 = 0.33","Mean Difference SS2 = -0.03"
0.5,0.510445502479392,0.00568271261513137,0.0104455024793925,0.00579182113717836,0.00578613842456323,0.0581777320070706,29.2833823503672,0.0104455024793925,NA,NA,"relaxedMEM_stretchsqrt",0,30,NA,NA,NA,NA,0,30,1000,3,0.333333333333333,-0.0333333333333333,"binary",0.5,"Mean Difference SS1 = 0.33","Mean Difference SS2 = -0.03"
0.5,0.502055211520241,0.00590600941861114,0.00205521152024057,0.00591023331300407,0.00590432730358546,0.0585929468689701,25.0165882690108,0.00205521152024057,NA,NA,"relaxedMEM_twosource",0,30,NA,NA,NA,NA,0,30,1000,3,0.333333333333333,-0.0333333333333333,"binary",0.5,"Mean Difference SS1 = 0.33","Mean Difference SS2 = -0.03"
0.5,0.543002122613647,0.0141447721619931,0.0430021226136466,0.0159939547112722,0.0159798099391102,0.103951777847491,10.2175221082554,0.0430021226136466,NA,NA,"MEM",0,30,NA,NA,NA,NA,0,30,1000,3,0.333333333333333,0.333333333333333,"binary",0.5,"Mean Difference SS1 = 0.33","Mean Difference SS2 = 0.33"
0.5,0.544120342738214,0.0146427424114146,0.0441203427382143,0.0165893470547521,0.0165747043123407,0.105069997972058,10.2175221082554,0.0441203427382143,NA,NA,"relaxedMEM_allornothing",20,29,NA,NA,NA,NA,0,30,1000,3,0.333333333333333,0.333333333333333,"binary",0.5,"Mean Difference SS1 = 0.33","Mean Difference SS2 = 0.33"
0.5,0.548299237081852,0.0160054781177109,0.0482992370818525,0.0183382944203999,0.0183222889422822,0.109248892315697,10.2175221082554,0.0482992370818525,NA,NA,"relaxedMEM_max",18,29,NA,NA,NA,NA,0,30,1000,3,0.333333333333333,0.333333333333333,"binary",0.5,"Mean Difference SS1 = 0.33","Mean Difference SS2 = 0.33"
0.5,0.545619822428188,0.0151933477873063,0.045619822428188,0.0172745159856857,0.0172593226378984,0.106569477662032,10.2175221082554,0.045619822428188,NA,NA,"relaxedMEM_sqrtmax",19,29,NA,NA,NA,NA,0,30,1000,3,0.333333333333333,0.333333333333333,"binary",0.5,"Mean Difference SS1 = 0.33","Mean Difference SS2 = 0.33"
0.5,0.550080494517649,0.0154152268677846,0.0500804945176491,0.0179232827989169,0.0179078675720491,0.109862735307967,12.0205125191678,0.0500804945176491,NA,NA,"relaxedMEM_stretch1",0,30,NA,NA,NA,NA,0,30,1000,3,0.333333333333333,0.333333333333333,"binary",0.5,"Mean Difference SS1 = 0.33","Mean Difference SS2 = 0.33"
0.5,0.568919508248368,0.0148619666812046,0.0689195082483682,0.0196118652984015,0.0195970033317203,0.117967754134795,21.0977650551813,0.0689195082483682,NA,NA,"relaxedMEM_stretchsqrt",0,30,NA,NA,NA,NA,0,30,1000,3,0.333333333333333,0.333333333333333,"binary",0.5,"Mean Difference SS1 = 0.33","Mean Difference SS2 = 0.33"
0.5,0.543002122613647,0.0141447721619931,0.0430021226136466,0.0159939547112722,0.0159798099391102,0.103951777847491,10.2175221082554,0.0430021226136466,NA,NA,"relaxedMEM_twosource",0,30,NA,NA,NA,NA,0,30,1000,3,0.333333333333333,0.333333333333333,"binary",0.5,"Mean Difference SS1 = 0.33","Mean Difference SS2 = 0.33"
1,0.993468438144432,0.0218395989926388,-0.00653156185556814,0.0218822602929119,0.0218604206939193,0.111237146996447,17.4211273918703,0.00653156185556814,0.972,0.63644442828207,"MEM",-0.5,2.5,NA,NA,NA,NA,-0.5,2.5,1000,2,0,NA,"continuous",NA,"Mean Difference SS1 = 0","Mean Difference SS2 = NA"
1,0.990582530569975,0.0149249257453437,-0.00941746943002542,0.0150136144758091,0.0149986895500638,0.0838614789514896,30,0.00941746943002542,0.968,0.52218253921981,"relaxedMEM_allornothing",0.7,1.4,NA,NA,NA,NA,-0.5,2.5,1000,2,0,NA,"continuous",NA,"Mean Difference SS1 = 0","Mean Difference SS2 = NA"
1,0.994557906686939,0.0169878558367035,-0.00544209331306122,0.0170174722163315,0.0170004843604948,0.102095228289766,18.2126291209041,0.00544209331306122,0.987,0.627267100965925,"relaxedMEM_max",0.4,1.6,NA,NA,NA,NA,-0.5,2.5,1000,2,0,NA,"continuous",NA,"Mean Difference SS1 = 0","Mean Difference SS2 = NA"
1,0.995933202611483,0.0152022457745573,-0.0040667973885169,0.0152187846155565,0.0152035823697819,0.0923466229654743,23.3747486323837,0.0040667973885169,0.984,0.584124538514928,"relaxedMEM_sqrtmax",0.5,1.4,NA,NA,NA,NA,-0.5,2.5,1000,2,0,NA,"continuous",NA,"Mean Difference SS1 = 0","Mean Difference SS2 = NA"
1,0.994123096396457,0.0153617594709233,-0.00587690360354265,0.0153962974668886,0.0153809357074177,0.0885302124750021,28.6962315153193,0.00587690360354265,0.981,0.547544428264796,"relaxedMEM_stretch1",-0.5,2.5,NA,NA,NA,NA,-0.5,2.5,1000,2,0,NA,"continuous",NA,"Mean Difference SS1 = 0","Mean Difference SS2 = NA"
1,0.99433287715393,0.0162534115201569,-0.00566712284607029,0.0162855278015094,0.0162692743899892,0.0961831371156206,22.8611858377802,0.00566712284607029,0.982,0.594875385052638,"relaxedMEM_stretchsqrt",-0.5,-0.1,0.1,1.7,1.9,2.5,-0.5,2.5,1000,2,0,NA,"continuous",NA,"Mean Difference SS1 = 0","Mean Difference SS2 = NA"
1,0.993468438144432,0.0218395989926388,-0.00653156185556814,0.0218822602929119,0.0218604206939193,0.111237146996447,17.4211273918703,0.00653156185556814,0.972,0.636746792982732,"relaxedMEM_twosource",-0.5,2.5,NA,NA,NA,NA,-0.5,2.5,1000,2,0,NA,"continuous",NA,"Mean Difference SS1 = 0","Mean Difference SS2 = NA"
1,1.01407878509585,0.0234920726369102,0.0140787850958479,0.0236902848266853,0.0236667927540484,0.118081970592587,17.1190245559181,0.0140787850958479,0.966,0.644300498801153,"MEM",-0.4,2.6,NA,NA,NA,NA,-0.4,2.6,1000,2,0.1,NA,"continuous",NA,"Mean Difference SS1 = 0.1","Mean Difference SS2 = NA"
1,1.03482531261348,0.0162650088632906,0.0348253126134834,0.0174778112619175,0.0174615462530542,0.0958248820856733,30,0.0348253126134834,0.969,0.520951878691017,"relaxedMEM_allornothing",0.7,1.5,NA,NA,NA,NA,-0.4,2.6,1000,2,0.1,NA,"continuous",NA,"Mean Difference SS1 = 0.1","Mean Difference SS2 = NA"
1,1.02385419216476,0.0179609781230653,0.0238541921647601,0.0185300006068986,0.0185120396287755,0.106080830017546,18.2126291209797,0.0238541921647601,0.982,0.633885198917585,"relaxedMEM_max",0.5,1.7,NA,NA,NA,NA,-0.4,2.6,1000,2,0.1,NA,"continuous",NA,"Mean Difference SS1 = 0.1","Mean Difference SS2 = NA"
1,1.02970086297125,0.0165491104924655,0.0297008629712545,0.0174312517537028,0.0174147026432103,0.0993374981761778,23.3747486324322,0.0297008629712545,0.974,0.589979933216258,"relaxedMEM_sqrtmax",0.6,1.6,NA,NA,NA,NA,-0.4,2.6,1000,2,0.1,NA,"continuous",NA,"Mean Difference SS1 = 0.1","Mean Difference SS2 = NA"
1,1.02807263791708,0.017816100921639,0.0280726379170773,0.0186041739212623,0.0185863578203407,0.104078958437142,28.1986051144007,0.0280726379170773,0.975,0.560465960813235,"relaxedMEM_stretch1",-0.4,2.6,NA,NA,NA,NA,-0.4,2.6,1000,2,0.1,NA,"continuous",NA,"Mean Difference SS1 = 0.1","Mean Difference SS2 = NA"
1,1.02531268363683,0.0180973356714922,0.0253126836368291,0.0187380676243904,0.0187199702887189,0.105147972812215,22.6620990965083,0.0253126836368291,0.98,0.60415827240814,"relaxedMEM_stretchsqrt",-0.4,0.3,0.5,1.8,2,2.6,-0.4,2.6,1000,2,0.1,NA,"continuous",NA,"Mean Difference SS1 = 0.1","Mean Difference SS2 = NA"
1,1.01407878509585,0.0234920726369102,0.0140787850958479,0.0236902848266853,0.0236667927540484,0.118081970592587,17.1190245559181,0.0140787850958479,0.967,0.644537958631774,"relaxedMEM_twosource",-0.4,2.6,NA,NA,NA,NA,-0.4,2.6,1000,2,0.1,NA,"continuous",NA,"Mean Difference SS1 = 0.1","Mean Difference SS2 = NA"
1,0.994949871242592,0.036076615609738,-0.00505012875740796,0.0361021194102044,0.0360660427945947,0.148701693080097,0.0248028058052143,0.00505012875740796,0.942,0.722653986313729,"MEM",0.5,3.5,NA,NA,NA,NA,0.5,3.5,1000,2,1,NA,"continuous",NA,"Mean Difference SS1 = 1","Mean Difference SS2 = NA"
1,0.994949871242592,0.036076615609738,-0.00505012875740796,0.0361021194102044,0.0360660427945947,0.148701693080097,0.0248028058052143,0.00505012875740796,0.944,0.722846381378699,"relaxedMEM_allornothing",1.6,2.3,NA,NA,NA,NA,0.5,3.5,1000,2,1,NA,"continuous",NA,"Mean Difference SS1 = 1","Mean Difference SS2 = NA"
1,0.996892356525469,0.0382054798351795,-0.00310764347453107,0.0382151372831443,0.0381769318033091,0.150644178362974,0.0248028058052143,0.00310764347453107,0.944,0.72285488055721,"relaxedMEM_max",1.4,2.6,NA,NA,NA,NA,0.5,3.5,1000,2,1,NA,"continuous",NA,"Mean Difference SS1 = 1","Mean Difference SS2 = NA"
1,0.995332107904097,0.0365772675265863,-0.00466789209590257,0.0365990567432053,0.0365624794756787,0.149083929741603,0.0248028058052143,0.00466789209590257,0.941,0.722779088683341,"relaxedMEM_sqrtmax",1.5,2.5,NA,NA,NA,NA,0.5,3.5,1000,2,1,NA,"continuous",NA,"Mean Difference SS1 = 1","Mean Difference SS2 = NA"
1,0.996563325682799,0.0370782703470684,-0.00343667431720085,0.037090081077431,0.0370530028070839,0.150242349216159,0.0408553959571465,0.00343667431720085,0.943,0.7274094509132,"relaxedMEM_stretch1",0.5,3.5,NA,NA,NA,NA,0.5,3.5,1000,2,1,NA,"continuous",NA,"Mean Difference SS1 = 1","Mean Difference SS2 = NA"
1,0.999087717137364,0.0365731776400905,-0.000912282862636338,0.0365740099001119,0.0365374367224718,0.146874359735591,0.215721020334602,0.000912282862636338,0.944,0.740846962620352,"relaxedMEM_stretchsqrt",0.5,1,1.2,1.2,1.4,3.5,0.5,3.5,1000,2,1,NA,"continuous",NA,"Mean Difference SS1 = 1","Mean Difference SS2 = NA"
1,0.994949871242592,0.036076615609738,-0.00505012875740796,0.0361021194102044,0.0360660427945947,0.148701693080097,0.0248028058052143,0.00505012875740796,0.942,0.723073435756681,"relaxedMEM_twosource",0.5,3.5,NA,NA,NA,NA,0.5,3.5,1000,2,1,NA,"continuous",NA,"Mean Difference SS1 = 1","Mean Difference SS2 = NA"
1,0.994558629940916,0.0132643145957801,-0.00544137005908363,0.0132939231039,0.0132806587893042,0.0838369502892845,36.7409843606382,0.00544137005908363,0.987,0.556063775395716,"MEM",-0.5,2.5,NA,NA,NA,NA,-0.5,2.5,1000,3,0,0,"continuous",NA,"Mean Difference SS1 = 0","Mean Difference SS2 = 0"
1,0.9947875620485,0.0098731227796429,-0.00521243795150017,0.00990029228904114,0.0098904191662615,0.0625417221643335,60,0.00521243795150017,0.988,0.44278493337735,"relaxedMEM_allornothing",0.7,1.3,NA,NA,NA,NA,-0.5,2.5,1000,3,0,0,"continuous",NA,"Mean Difference SS1 = 0","Mean Difference SS2 = 0"
1,0.994725172211216,0.0115967508692085,-0.00527482778878352,0.0116245746774098,0.0116129779265406,0.0783942506904062,37.696886299176,0.00527482778878352,0.986,0.541148609118996,"relaxedMEM_max",0.6,1.4,NA,NA,NA,NA,-0.5,2.5,1000,3,0,0,"continuous",NA,"Mean Difference SS1 = 0","Mean Difference SS2 = 0"
1,0.994683489274962,0.0113676752831443,-0.00531651072503847,0.0113959405694337,0.0113845728941506,0.0737069425119105,46.3549464021088,0.00531651072503847,0.988,0.510005896202073,"relaxedMEM_sqrtmax",0.7,1.3,NA,NA,NA,NA,-0.5,2.5,1000,3,0,0,"continuous",NA,"Mean Difference SS1 = 0","Mean Difference SS2 = 0"
1,0.994724421192734,0.0104233306345659,-0.0052755788072657,0.0104511623663175,0.010440739035683,0.0658736526371736,58.5503729456229,0.0052755788072657,0.986,0.457348688365214,"relaxedMEM_stretch1",-0.5,0.2,0.7,1.3,1.8,2.5,-0.5,2.5,1000,3,0,0,"continuous",NA,"Mean Difference SS1 = 0","Mean Difference SS2 = 0"
1,0.99509407690572,0.0101502656322299,-0.00490592309427984,0.0101743337136369,0.0101641834480046,0.0722773276248462,45.6628122707995,0.00490592309427984,0.99,0.515826570565226,"relaxedMEM_stretchsqrt",-0.5,0.1,0.5,1.5,1.8,2.5,-0.5,2.5,1000,3,0,0,"continuous",NA,"Mean Difference SS1 = 0","Mean Difference SS2 = 0"
1,0.994558629940916,0.0132643145957801,-0.00544137005908363,0.0132939231039,0.0132806587893042,0.0838369502892845,36.7409843606382,0.00544137005908363,0.987,0.556256276863414,"relaxedMEM_twosource",-0.5,2.5,NA,NA,NA,NA,-0.5,2.5,1000,3,0,0,"continuous",NA,"Mean Difference SS1 = 0","Mean Difference SS2 = 0"
1,1.01348647834994,0.0144211895627995,0.0134864783499407,0.0146030746610829,0.0145886534715201,0.0896516861802232,35.9775546425095,0.0134864783499407,0.986,0.565421355418641,"MEM",-0.5,2.6,NA,NA,NA,NA,-0.5,2.6,1000,3,0,0.1,"continuous",NA,"Mean Difference SS1 = 0","Mean Difference SS2 = 0.1"
1,1.01755763901158,0.0122902408274473,0.0175576390115801,0.0125985115151082,0.0125862212742808,0.0777095208615619,60,0.0175576390115801,0.985,0.462785272474501,"relaxedMEM_allornothing",0.8,1.3,NA,NA,NA,NA,-0.5,2.6,1000,3,0,0.1,"continuous",NA,"Mean Difference SS1 = 0","Mean Difference SS2 = 0.1"
1,1.01708254057321,0.0119142407131125,0.0170825405732111,0.0122060539055479,0.0121941396648348,0.0816045432982195,37.0898311568041,0.0170825405732111,0.988,0.549159842836053,"relaxedMEM_max",0.6,1.5,NA,NA,NA,NA,-0.5,2.6,1000,3,0,0.1,"continuous",NA,"Mean Difference SS1 = 0","Mean Difference SS2 = 0.1"
1,1.01817603268041,0.0117247102386055,0.0181760326804077,0.0120550784026047,0.0120433536923661,0.0778005791525585,45.8836282028377,0.0181760326804077,0.988,0.514146748259977,"relaxedMEM_sqrtmax",0.7,1.4,NA,NA,NA,NA,-0.5,2.6,1000,3,0,0.1,"continuous",NA,"Mean Difference SS1 = 0","Mean Difference SS2 = 0.1"
1,1.0199608812155,0.0109322709938228,0.0199608812154979,0.011330707772722,0.0113197755017282,0.073565542321184,58.219325908678,0.0199608812154979,0.986,0.459913004492541,"relaxedMEM_stretch1",-0.5,0.3,0.7,1.4,1.8,2.6,-0.5,2.6,1000,3,0,0.1,"continuous",NA,"Mean Difference SS1 = 0","Mean Difference SS2 = 0.1"
1,1.01760775838046,0.0117029097277849,0.0176077583804553,0.0120129428829694,0.0120012399732416,0.0795738272784695,45.0627992332216,0.0176077583804553,0.988,0.5250010471619,"relaxedMEM_stretchsqrt",-0.5,0.2,0.6,1.5,2,2.6,-0.5,2.6,1000,3,0,0.1,"continuous",NA,"Mean Difference SS1 = 0","Mean Difference SS2 = 0.1"
1,1.01348647834994,0.0144211895627995,0.0134864783499407,0.0146030746610829,0.0145886534715201,0.0896516861802232,35.9775546425095,0.0134864783499407,0.988,0.565694397776202,"relaxedMEM_twosource",-0.5,2.6,NA,NA,NA,NA,-0.5,2.6,1000,3,0,0.1,"continuous",NA,"Mean Difference SS1 = 0","Mean Difference SS2 = 0.1"
1,0.995184632778607,0.0227944580972559,-0.00481536722139264,0.0228176458587328,0.0227948514006355,0.112903275741718,17.4328913015348,0.00481536722139264,0.972,0.642675645975877,"MEM",-0.5,3.5,NA,NA,NA,NA,-0.5,3.5,1000,3,0,1,"continuous",NA,"Mean Difference SS1 = 0","Mean Difference SS2 = 1"
1,1.00070398035656,0.0269418249798439,0.00070398035655983,0.0269423205681864,0.0269153787432065,0.118422623319671,17.6190530114576,0.00070398035655983,0.936,0.626170692997426,"relaxedMEM_allornothing",1.3,1.7,NA,NA,NA,NA,-0.5,3.5,1000,3,0,1,"continuous",NA,"Mean Difference SS1 = 0","Mean Difference SS2 = 1"
1,1.07339092625812,0.0253133368020396,0.0733909262581194,0.0306995648590643,0.0306742515222622,0.139718973158219,9.6978243492496,0.0733909262581194,0.973,0.965763602248734,"relaxedMEM_max",0.5,2.5,NA,NA,NA,NA,-0.5,3.5,1000,3,0,1,"continuous",NA,"Mean Difference SS1 = 0","Mean Difference SS2 = 1"
1,1.04515864058093,0.0334899568714442,0.0451586405809343,0.0355292596905622,0.0354957697336908,0.157034361127626,11.2644804121841,0.0451586405809343,0.96,0.783191372884783,"relaxedMEM_sqrtmax",0.6,0.7,1,2,2.4,2.4,-0.5,3.5,1000,3,0,1,"continuous",NA,"Mean Difference SS1 = 0","Mean Difference SS2 = 1"
1,1.02187594508745,0.0307816055162909,0.0218759450874542,0.0312601624897602,0.0312293808842439,0.134557271950296,20.1614601321971,0.0218759450874542,0.94,0.674739422118501,"relaxedMEM_stretch1",-0.5,1.8,2,3.5,NA,NA,-0.5,3.5,1000,3,0,1,"continuous",NA,"Mean Difference SS1 = 0","Mean Difference SS2 = 1"
1,0.997519200379322,0.0231058290528454,-0.00248079962067849,0.0231119834196034,0.0230888775905505,0.113914510280664,17.77967310573,0.00248079962067849,0.967,0.650393448882269,"relaxedMEM_stretchsqrt",-0.5,3.5,NA,NA,NA,NA,-0.5,3.5,1000,3,0,1,"continuous",NA,"Mean Difference SS1 = 0","Mean Difference SS2 = 1"
1,0.995184632778607,0.0227944580972559,-0.00481536722139264,0.0228176458587328,0.0227948514006355,0.112903275741718,17.4328913015348,0.00481536722139264,0.97,0.64288981002815,"relaxedMEM_twosource",-0.5,3.5,NA,NA,NA,NA,-0.5,3.5,1000,3,0,1,"continuous",NA,"Mean Difference SS1 = 0","Mean Difference SS2 = 1"
1,0.994335415887697,0.0152351430417081,-0.00566458411230342,0.0152672305548734,0.0152519954118317,0.091421095203005,34.2678680941722,0.00566458411230342,0.985,0.579321810294711,"MEM",-0.6,2.6,NA,NA,NA,NA,-0.6,2.6,1000,3,0.1,-0.1,"continuous",NA,"Mean Difference SS1 = 0.1","Mean Difference SS2 = -0.1"
1,0.988483011666281,0.0120045719888303,-0.0115169883337187,0.0121372130091094,0.0121252084371205,0.0702604627385788,60,0.0115169883337187,0.984,0.460286464229029,"relaxedMEM_allornothing",0.8,1.3,NA,NA,NA,NA,-0.6,2.6,1000,3,0.1,-0.1,"continuous",NA,"Mean Difference SS1 = 0.1","Mean Difference SS2 = -0.1"
1,0.994598707736901,0.0124757344235385,-0.00540129226309916,0.0125049083816499,0.0124924326472264,0.0815750682704862,35.2910396505594,0.00540129226309916,0.982,0.569456258756706,"relaxedMEM_max",0.6,1.4,NA,NA,NA,NA,-0.6,2.6,1000,3,0.1,-0.1,"continuous",NA,"Mean Difference SS1 = 0.1","Mean Difference SS2 = -0.1"
1,0.994500353742657,0.0124257806712511,-0.00549964625734334,0.012456026780207,0.0124436009995358,0.0770206659742514,44.4389936529087,0.00549964625734334,0.984,0.531946205405577,"relaxedMEM_sqrtmax",0.7,1.3,NA,NA,NA,NA,-0.6,2.6,1000,3,0.1,-0.1,"continuous",NA,"Mean Difference SS1 = 0.1","Mean Difference SS2 = -0.1"
1,0.994524767786951,0.0114810581819794,-0.00547523221304946,0.0115110363497662,0.0114995552915842,0.0689795689798465,58.0759196931166,0.00547523221304946,0.983,0.463746044251402,"relaxedMEM_stretch1",-0.6,0.1,0.7,1.3,1.7,2.6,-0.6,2.6,1000,3,0.1,-0.1,"continuous",NA,"Mean Difference SS1 = 0.1","Mean Difference SS2 = -0.1"
1,0.994884450662265,0.011519216962712,-0.0051155493377345,0.0115453858077388,0.0115338665907761,0.0780414058369885,43.640555030216,0.0051155493377345,0.99,0.538055588062792,"relaxedMEM_stretchsqrt",-0.6,-2.77555756156289e-17,0.5,1.5,1.7,1.7,-0.6,2.6,1000,3,0.1,-0.1,"continuous",NA,"Mean Difference SS1 = 0.1","Mean Difference SS2 = -0.1"
1,0.994335415887697,0.0152351430417081,-0.00566458411230342,0.0152672305548734,0.0152519954118317,0.091421095203005,34.2678680941722,0.00566458411230342,0.983,0.57958174940722,"relaxedMEM_twosource",-0.6,2.6,NA,NA,NA,NA,-0.6,2.6,1000,3,0.1,-0.1,"continuous",NA,"Mean Difference SS1 = 0.1","Mean Difference SS2 = -0.1"
1,1.03287938182493,0.0154248187373927,0.032879381824928,0.0165058724865822,0.0164904476678448,0.0982560926461518,36.3672976184633,0.032879381824928,0.985,0.568551298475292,"MEM",-0.4,2.6,NA,NA,NA,NA,-0.4,2.6,1000,3,0.1,0.1,"continuous",NA,"Mean Difference SS1 = 0.1","Mean Difference SS2 = 0.1"
1,1.04380298124131,0.0133210165374063,0.0438029812413065,0.0152397177030326,0.0152263966864952,0.0979424820837213,60,0.0438029812413065,0.984,0.461107650948935,"relaxedMEM_allornothing",0.8,1.4,NA,NA,NA,NA,-0.4,2.6,1000,3,0.1,0.1,"continuous",NA,"Mean Difference SS1 = 0.1","Mean Difference SS2 = 0.1"
1,1.03786579147932,0.0137807089681894,0.0378657914793175,0.0152145271325446,0.0152007464235764,0.0922418967177964,37.6968862991364,0.0378657914793175,0.988,0.55062779403688,"relaxedMEM_max",0.7,1.5,NA,NA,NA,NA,-0.4,2.6,1000,3,0.1,0.1,"continuous",NA,"Mean Difference SS1 = 0.1","Mean Difference SS2 = 0.1"
1,1.03828393605243,0.0141837271197975,0.0382839360524321,0.0156493868794643,0.0156352031523445,0.0953142534482376,46.3549464020803,0.0382839360524321,0.984,0.524646918660443,"relaxedMEM_sqrtmax",0.8,1.4,NA,NA,NA,NA,-0.4,2.6,1000,3,0.1,0.1,"continuous",NA,"Mean Difference SS1 = 0.1","Mean Difference SS2 = 0.1"
1,1.04171359905925,0.0136521009597506,0.0417135990592463,0.0153921253062261,0.0153784732052664,0.0972540310030751,57.9833209576385,0.0417135990592463,0.985,0.476135817166295,"relaxedMEM_stretch1",-0.4,0.3,0.8,1.4,1.9,2.6,-0.4,2.6,1000,3,0.1,0.1,"continuous",NA,"Mean Difference SS1 = 0.1","Mean Difference SS2 = 0.1"
1,1.04116225607614,0.0126009016623617,0.0411622560761429,0.0142952329876397,0.0142826320859773,0.0909947431311465,45.3897665213016,0.0411622560761429,0.987,0.528988415830414,"relaxedMEM_stretchsqrt",-0.4,0.1,0.6,1.7,2,2.6,-0.4,2.6,1000,3,0.1,0.1,"continuous",NA,"Mean Difference SS1 = 0.1","Mean Difference SS2 = 0.1"
1,1.03287938182493,0.0154248187373927,0.032879381824928,0.0165058724865822,0.0164904476678448,0.0982560926461518,36.3672976184633,0.032879381824928,0.983,0.568872022929245,"relaxedMEM_twosource",-0.4,2.6,NA,NA,NA,NA,-0.4,2.6,1000,3,0.1,0.1,"continuous",NA,"Mean Difference SS1 = 0.1","Mean Difference SS2 = 0.1"
1,0.991877138473379,0.0380807520981237,-0.00812286152662078,0.0381467329775044,0.0381086522254062,0.151654847292689,0.143733349073706,0.00812286152662078,0.944,0.731921249776825,"MEM",-1.5,3.5,NA,NA,NA,NA,-1.5,3.5,1000,3,1,-1,"continuous",NA,"Mean Difference SS1 = 1","Mean Difference SS2 = -1"
1,0.99257057725778,0.0207620015738013,-0.00742942274222025,0.0208171978960839,0.0207964358945101,0.0786413928202437,60,0.00742942274222025,0.942,0.449696723250964,"relaxedMEM_allornothing",0.7,1.3,NA,NA,NA,NA,-1.5,3.5,1000,3,1,-1,"continuous",NA,"Mean Difference SS1 = 1","Mean Difference SS2 = -1"
1,0.992463363110782,0.034528353621841,-0.00753663688921824,0.0345851545174409,0.0345506261638191,0.146196730541209,0.051186648675165,0.00753663688921824,0.945,0.718454465887565,"relaxedMEM_max",-1.5,-0.2,0.2,1.8,2.1,3.5,-1.5,3.5,1000,3,1,-1,"continuous",NA,"Mean Difference SS1 = 1","Mean Difference SS2 = -1"
1,0.992463365659389,0.0345283302694583,-0.00753663434061058,0.0345851311266424,0.0345506027963729,0.146196681102962,0.0512170703208402,0.00753663434061058,0.944,0.718800853057068,"relaxedMEM_sqrtmax",-1.5,-0.2,0.2,1.8,2.1,3.5,-1.5,3.5,1000,3,1,-1,"continuous",NA,"Mean Difference SS1 = 1","Mean Difference SS2 = -1"
1,0.989372489035157,0.0232294139962197,-0.0106275109648429,0.0233423579855276,0.0233191285715314,0.096732400663855,51.714553822907,0.0106275109648429,0.956,0.533781992470188,"relaxedMEM_stretch1",-1.5,0.4,0.7,3.5,NA,NA,-1.5,3.5,1000,3,1,-1,"continuous",NA,"Mean Difference SS1 = 1","Mean Difference SS2 = -1"
1,0.991877139514791,0.0380807363079384,-0.00812286048520905,0.0381467171704006,0.0381086364340926,0.151654809661343,0.143761543219742,0.00812286048520905,0.943,0.732165785883113,"relaxedMEM_stretchsqrt",-1.5,3.5,NA,NA,NA,NA,-1.5,3.5,1000,3,1,-1,"continuous",NA,"Mean Difference SS1 = 1","Mean Difference SS2 = -1"
1,0.991877138473379,0.0380807520981237,-0.00812286152662078,0.0381467329775044,0.0381086522254062,0.151654847292689,0.143733349073706,0.00812286152662078,0.943,0.732387423278594,"relaxedMEM_twosource",-1.5,3.5,NA,NA,NA,NA,-1.5,3.5,1000,3,1,-1,"continuous",NA,"Mean Difference SS1 = 1","Mean Difference SS2 = -1"
1,0.974644544629819,0.0238616733971396,-0.0253554553701807,0.0245045725141688,0.0244807108407717,0.118831606004879,17.104643671432,0.0253554553701807,0.966,0.649732008386238,"MEM",-0.6,3.5,NA,NA,NA,NA,-0.6,3.5,1000,3,1,-0.1,"continuous",NA,"Mean Difference SS1 = 1","Mean Difference SS2 = -0.1"
1,0.993108785396607,0.0353808295062682,-0.00689121460339326,0.0354283183449782,0.0353929375154719,0.137295846771666,17.6034513625853,0.00689121460339326,0.853,0.606306087157674,"relaxedMEM_allornothing",1.2,1.7,NA,NA,NA,NA,-0.6,3.5,1000,3,1,-0.1,"continuous",NA,"Mean Difference SS1 = 1","Mean Difference SS2 = -0.1"
1,1.03481869000838,0.0310201971242849,0.0348186900083756,0.0322325382981843,0.03220151810106,0.149024667176302,7.27937662003606,0.0348186900083756,0.985,0.854596555856416,"relaxedMEM_max",0.2,0.7,0.9,2.7,NA,NA,-0.6,3.5,1000,3,1,-0.1,"continuous",NA,"Mean Difference SS1 = 1","Mean Difference SS2 = -0.1"
1,1.0373316715475,0.030986923368056,0.0373316715475038,0.0323805770685867,0.0323495901452186,0.150149736049726,8.0821881259696,0.0373316715475038,0.983,0.852842062536538,"relaxedMEM_sqrtmax",0.3,0.7,0.9,2.6,NA,NA,-0.6,3.5,1000,3,1,-0.1,"continuous",NA,"Mean Difference SS1 = 1","Mean Difference SS2 = -0.1"
1,1.00821500086318,0.0327218774119192,0.00821500086318028,0.0327893636511013,0.0327566417736893,0.141189866305757,20.6629970169708,0.00821500086318028,0.932,0.674189322482798,"relaxedMEM_stretch1",-0.6,3.5,NA,NA,NA,NA,-0.6,3.5,1000,3,1,-0.1,"continuous",NA,"Mean Difference SS1 = 1","Mean Difference SS2 = -0.1"
1,0.975918148159397,0.0239982677664964,-0.0240818518406025,0.0245782033545692,0.0245542050868027,0.119073695617912,17.2682640734405,0.0240818518406025,0.967,0.653682800888461,"relaxedMEM_stretchsqrt",-0.6,3.5,NA,NA,NA,NA,-0.6,3.5,1000,3,1,-0.1,"continuous",NA,"Mean Difference SS1 = 1","Mean Difference SS2 = -0.1"
1,0.974644544629819,0.0238616733971396,-0.0253554553701807,0.0245045725141688,0.0244807108407717,0.118831606004879,17.104643671432,0.0253554553701807,0.967,0.649708215525465,"relaxedMEM_twosource",-0.6,3.5,NA,NA,NA,NA,-0.6,3.5,1000,3,1,-0.1,"continuous",NA,"Mean Difference SS1 = 1","Mean Difference SS2 = -0.1"
1,0.998582434339115,0.038415589121819,-0.00141756566088458,0.038417598614222,0.0383791830251001,0.152204983124124,0.0567390486700154,0.00141756566088458,0.939,0.733920488161035,"MEM",0.5,3.5,NA,NA,NA,NA,0.5,3.5,1000,3,1,1,"continuous",NA,"Mean Difference SS1 = 1","Mean Difference SS2 = 1"
1,0.998582434339115,0.038415589121819,-0.00141756566088458,0.038417598614222,0.0383791830251001,0.152204983124124,0.0567390486700154,0.00141756566088458,0.942,0.734052485485865,"relaxedMEM_allornothing",1.7,2.3,NA,NA,NA,NA,0.5,3.5,1000,3,1,1,"continuous",NA,"Mean Difference SS1 = 1","Mean Difference SS2 = 1"
1,0.998582434339115,0.038415589121819,-0.00141756566088458,0.038417598614222,0.0383791830251001,0.152204983124124,0.0567390486700154,0.00141756566088458,0.94,0.733798701831671,"relaxedMEM_max",1.6,2.4,NA,NA,NA,NA,0.5,3.5,1000,3,1,1,"continuous",NA,"Mean Difference SS1 = 1","Mean Difference SS2 = 1"
1,0.998582434339115,0.038415589121819,-0.00141756566088458,0.038417598614222,0.0383791830251001,0.152204983124124,0.0567390486700154,0.00141756566088458,0.939,0.734226371987295,"relaxedMEM_sqrtmax",1.7,2.4,NA,NA,NA,NA,0.5,3.5,1000,3,1,1,"continuous",NA,"Mean Difference SS1 = 1","Mean Difference SS2 = 1"
1,0.998928014362262,0.0385121068624677,-0.00107198563773792,0.0385132560156753,0.0384747439088128,0.152525221795345,0.0673841492954995,0.00107198563773792,0.941,0.735960819653469,"relaxedMEM_stretch1",0.5,1.2,1.6,2.4,2.7,3.5,0.5,3.5,1000,3,1,1,"continuous",NA,"Mean Difference SS1 = 1","Mean Difference SS2 = 1"
1,1.00281903335182,0.0388094058446063,0.00281903335181855,0.038817352793645,0.0387785433878004,0.153877204490667,0.517381263039388,0.00281903335181855,0.943,0.756545578123247,"relaxedMEM_stretchsqrt",0.5,1.1,1.5,2.4,2.9,3.5,0.5,3.5,1000,3,1,1,"continuous",NA,"Mean Difference SS1 = 1","Mean Difference SS2 = 1"
1,0.998582434339115,0.038415589121819,-0.00141756566088458,0.038417598614222,0.0383791830251001,0.152204983124124,0.0567390486700154,0.00141756566088458,0.938,0.734178385835877,"relaxedMEM_twosource",0.5,3.5,NA,NA,NA,NA,0.5,3.5,1000,3,1,1,"continuous",NA,"Mean Difference SS1 = 1","Mean Difference SS2 = 1"
